https://www.ebay.com/itm/284675604094?epid=9048827134&_trkparms=ispr%3D1&hash=item4247fcfe7e%3Ag%3AILEAAOSwNy1iHaFd&amdata=enc%3AAQAGAAACoPYe5NmHp%252B2JMhMi7yxGiTJkPrKr5t53CooMSQt2orsSwcmzw5CLtzTE60FqHcnq2Ke0mz5uS1Ia%252FSERGj9%252F9AqSMp1WzWhYxjJHyv0ukBx%252BtME1pkBQLuXpGE9tUcv8cYfeIMuLW7SCsUXdJ4SLku3tNpGi%252BGEMV1UIdLpfSGtIzGAzy9tnoSnI7vP%252BKjDHHKHr1xjE%252BD1ctqkb%252Fihl1FCc4cJBOJFqVyvb472X0M3EikNmw6sD6XxbqDp%252BPDjjXiIHw7ShQV7eZ%252F83U1mG3gC5tAJeFfopV3AbIRJCaciS%252FHZwQZojfe4g6wnjXpqN7g3nEOVZaLrSfu6ewxS2chf1D4AsfqHiJUO%252FB%252BZvaX8HldJxxdp6Hy8Wk%252FhBKIOqZVwRRBehfEKHosp%252FAD7%252BNbDgnCfY7SrMPcLCB61mzA%252BKOZ0vkGRxdCA0f7KDgb%252FIFyi%252FvxmhocTsVW6cw79yjKkIwBF4ApQnNeSLO%252FUP4d%252F5CMd%252F4cle7IQFLdt3G0VTvW6oAzjstwer4hbMh8ATg2vrqXkZGvXuQqh7q3qHO5T1xaWfqg2N1tyPBushKNbsdhk8YpcGfHXK6ekgIQz796C2iztmC4STX9%252FKd%252FP2SK122alVI3hr7StUVxKdh9rPNLWZVX2cTR4NA0NozVTsR1Nfjw6agtOFz%252FtPFKZO0wL%252BPTTbF2Dq3ux6EMc0abWAqQ89QVIvP7iqREGXzKoycNsY8S%252FbSfUblFXgueWIbWg%252FxhP8WHF5xdLPUkPka%252FvP0tcg2ynson6eszmFkkoatYYl4xi%252BlZ2VITbhvee6gHCmJEcDj8nQcqBZQp5AMHHhYr8EAdX258klaKwoXesDScDqRLoQxCGVtCtVOYALjzr%252BX7mIs9gT%252FYWxEsnsbSj%252FHw%253D%253D%7Cclp%3A2334524%7Ctkp%3ABFBM_rDQlepf&LH_BIN=1,1350
https://www.ebay.com/itm/185322074148?epid=22050522124&_trkparms=ispr%3D1&hash=item2b260e7024%3Ag%3ANhAAAOSwDnZiFZ7f&amdata=enc%3AAQAGAAACoPYe5NmHp%252B2JMhMi7yxGiTJkPrKr5t53CooMSQt2orsS7UXID%252BRPOSNsnm8kYPghtCWTPVAh4TTzesQkDgESTlp2ScqyUf4bMtZO1n4ySuR8yzT5ddkmXj9luTztrJFWujaOFLqIjFtJ5Ys%252FAU4TchNVJL2JXqVJbjFnD0xNvxrbNgt1p5HXISQeTxuY4wAXxS9gGKRdpeYhBA85%252F0ZOgz4LD93EU%252BLqH0hcWT2ofkefSfNCMV0TKTBHz%252FjspeDr%252BdpI37r0JOLcpWCCyuB7EBgUWNAzV%252BPSwTTeB8qsEc8IfH3UUWHYYgy5xElpLiAclo5EWNnXyxGtuQYpfFlGD7L90ENNi1AnaYpBUcVS3d97F7LfFhIo%252F6wBag3DIclWCJXtsU0K16EyR5HJMIcin95Xd0cWGByG0eF4sSqPEarjHcaT%252BTGY3f%252BfH0MybCDFy6S6auPlf5jraDpoY%252BtscHqsucSoLXlFd6mF6VQuaxDaRC3BjdmW4EdyW1NAkvDDwXMuUvxwKjTOg%252BfGW%252B80e%252BNk5OIk4dy7F0KDvMJXV%252B3KyNqwmSdnx4K92BBl5983qM7O51hFSeKiddI9kU9QsvOW5mLY7%252BEAz%252Bls%252BTGwesVrJTpgln09TpFtnz2V4pcjFyYqPyk13vWVBnfe05vaG2ljsS7t27TdbT42IasKa88duxctmxUNiq9rvCWy1VUNSka8FGXJcV%252Fjv4b4zQTgWakwRcasMPPKYG2wACkeqkmrOtlYHXFKC6l7k7SxjrgywivuIiOKAJYlP3iK9WQbbIOyjEZ3cHIIQYmHjLaIeigw6fXoWj31BvW9R9LlXZ3EZWRPw%252BRm8pRo2MS04l4t%252BR05Z85KJ5fEppA%252B%252BZYS5%252FJHZxL6BuS4YEbqL7PaBGG2mg%253D%253D%7Cclp%3A2334524%7Ctkp%3ABFBM_rDQlepf&LH_BIN=1,1595
https://www.ebay.com/itm/255416337139?epid=22050522150&_trkparms=ispr%3D1&hash=item3b780002f3%3Ag%3AkJwAAOSwnBJiIPxL&amdata=enc%3AAQAGAAACoPYe5NmHp%252B2JMhMi7yxGiTJkPrKr5t53CooMSQt2orsSg3Ye8yTWgOW7pmE1t838dlk3mht2pzvDtGykl%252FwVFOdp8hoNeju0unXvw%252FtOMN9AEDWlrnmynegBia4Lg3YGwqrjTUplCT975eMLF0aOguyGfsS3AfbLGDVLQIbCWiLh9h9PrZylsQfO9JoItrOPfqj%252FSFZ6mvIHrNIogY1aGpuHaLEbHpXJ8jQibMBdCtsXj6ea8GT6un7yerkvCXPzlVa%252FF%252B4Rbh4WKT1sVjb%252B%252B9yVGpIALvIv0YPpEAGkzL0lRqEK%252Bwlw39S6Euwm6d3Ldjs%252BcjmrVHCdDyi3K3nuz0tyGZQPOPxkiPvJezZWQwiAKfsEP1QnhSKQB76LLuZeHdwaBWbXQPGasU8%252BvEQ7M4XEGVQA4FkuanYxkNonwMfKjvoZ0UH6lX5A%252BS1Fc%252BmxKCEXBGA3lHvY45AK0OA1%252B013aLdNdZJNJawdP%252Ffzoi28BS3q8uujVBM2RhJFLj797hlq%252BIJsNKe4IE914D%252BASxKUr4EC%252FDvtf7EJFCFok7Sw1FVj1eI8h%252FLsgm%252BKHJC2iYdRY2GvgSFc8Y598091lsXp7QkW82bEuMJJ56HUcQr%252Fp2QDODiyyqTgROOz3ec3U9hN18KM2Phj2WkkMqtdbACDpVvXYwgYKe5hxx%252Fe83IMgq8914spBRnYJ28E30L6PMu2CxZp9uXlkoUqf3SVn3DG6PTTpyWr3bWaIe6S%252BkFrVeYtFoxrqn9DTWscdIko6VoycbMRrHn2LpSVlydp6gWbENXkfTyaoIi%252FQnF2m9vUBHu4Uo6OVK%252FM8R60QPZJgoGV5CIWIBzA1EyvV%252BJDg9HaMlcWuJUPvlUnHy9WbYUn5F4pqZnBjAIXTEQXt%252FWEmQ%253D%253D%7Cclp%3A2334524%7Ctkp%3ABFBM_rDQlepf&LH_BIN=1,1549
https://www.ebay.com/itm/175184488189?epid=25043419851&hash=item28c9cf26fd%3Ag%3AlwwAAOSwC-hiIKlY&LH_BIN=1,1099
https://www.ebay.com/itm/154880663442?hash=item240f9b5f92%3Ag%3Amu0AAOSwsFJiHtyL&LH_BIN=1,1339
https://www.ebay.com/itm/165365397628?epid=16051871423&hash=item26808bb87c%3Ag%3A9qoAAOSwe7diINOc&LH_BIN=1,1499
https://www.ebay.com/itm/373957665974?epid=7047696774&hash=item57119d24b6%3Ag%3Ay0UAAOSwR5diH7Bm&LH_BIN=1,1800
https://www.ebay.com/itm/154879375070?hash=item240f87b6de%3Ag%3AObkAAOSwa31iIB56&LH_BIN=1,1499
https://www.ebay.com/itm/154877916121?epid=13041886731&hash=item240f7173d9%3Ag%3ArVgAAOSwMPhiHv8v&LH_BIN=1,1200
https://www.ebay.com/itm/325082260336?hash=item4bb069a370%3Ag%3AgFgAAOSw%7EtRiIOlF&LH_BIN=1,1349
https://www.ebay.com/itm/255416397259?hash=item3b7800edcb%3Ag%3AvuwAAOSwX7BiIQcG&LH_BIN=1,1395
https://www.ebay.com/itm/284679769120?hash=item42483c8c20%3Ag%3AunUAAOSw6iNiF-lA&LH_BIN=1,1299
https://www.ebay.com/itm/255389740094?epid=13048643312&hash=item3b766a2c3e%3Ag%3AlJ8AAOSwdYxiH7OT&LH_BIN=1,1695
https://www.ebay.com/itm/224864721145?_trkparms=ispr%3D1&hash=item345afb58f9%3Ag%3AhrIAAOSw9ltiH5cD&amdata=enc%3AAQAGAAACoPYe5NmHp%252B2JMhMi7yxGiTJkPrKr5t53CooMSQt2orsSvtkx670Z0mbyfWqmxLFLYVUyFGtU8B1nS2QAvL9UAReXu3ErzwQgflZlJ9brlU0bXj9RbPeItk%252BJOjb2UC9ygxfr7gJbjnhDJhQ6vDtS%252FCaLNhm7pb54ZlDMIDdH1BvlfmmbwABfcbmoBUZw%252FjGiF38xAi3eoBcWeOVEB2qJHwyf3QrN0JmUB4%252FqQ6CtnT2VYzDJ8Z9pqhWj%252BoJMW83B9WOkX7i37fF3vLl2DHl7wRLkkhLDbFFUc0T8W4gC8Nxxy%252B2BTfLf4yh2SOzjbXh2mgpuP%252BPjau7dhDo92SQj8SeRIaxGglXd69N2YsUEZc8imPkeOPdkqR1MY3o2BmEHPjeuxhx7nZUGECWV8Cv3V%252F8zf74CqFufbAG2ohGLh15hpckeMP9jDcNKnNcvHVey0jC8BKkLdje0H1zHlxBa8bmdXJI7t4oN9OixqAnCFSzHVFhKcXcrKk%252F%252FHLsyB7PvCMbSTjk0J6JOrO3H9h2oo2HaWsqrW7HcT6eEQ5xwoJRJs6ulO7%252FBg9mvXynz0No20WGy3TMQLbVEX1GfRUVZnxST760R7J2TUD5hBUVpog3zWYj%252F1t04eat%252FljTPr5J2E%252FDMCJ%252F%252Ftry2NWMQOEHyMCpldinWtVB6v8xAyNcZk%252BFII1ZQHr11fvDBnw8FTuWGKGgZ%252Fint0wl26t2SNZxmWrH57kT1nzgycR6j8phtyA5MXMq3ildtiPGk0qnaFattzUfldCFWu9l%252FNvmXdBlmPoLI6pGfT%252Bq5YrxO9HVzgKPD4%252BDSzBgFCUFsYenogTAxbzo1arcBji12jFEDipBzgcnRO1HeP6bkEHJ2vw4MLBtLG9dB9p5XGh%252BYLaTYV61GFw%253D%253D%7Cclp%3A2334524%7Ctkp%3ABFBM_rDQlepf&LH_BIN=1,1595
https://www.ebay.com/itm/265509153218?_trkparms=ispr%3D1&hash=item3dd19429c2%3Ag%3AEcAAAOSwkpth6HLG&amdata=enc%3AAQAGAAACoPYe5NmHp%252B2JMhMi7yxGiTJkPrKr5t53CooMSQt2orsStdebXPz4ZTXCT8FI9kPBh%252Bh4vEt0URakbNeOsIyg%252FdKlxuQYee7%252B5Pk8pvsNKLfnWaQkp70Ay3AAnumaZ4MMU4gz5F9jBQz2psFJV3LGJ71lUXtNm5diIhrbXGvDU%252B0%252FSd2TNmiY5t%252FlYHUe8Y%252B7m2%252FYtpqe3x3XNVEddPxBNsPoP5TLxjcu0ieI7XXeyCQt2bOKnta5Givd6HTUXzsHyrwjidbE33gG7KFjCtzHa6OdjRxNWfcUU%252FzDKDft8x8CDedbCnuA%252F27KeQ7L6fQZqQiS85tcYM%252BbSXH2%252Fg6BQgyEgKp2MPDOsL254i5DOAsCvZaBFZiroq6JXw0LC5QQB7tmrEi4LE2uQ9MbbYn4Po%252BRBjFJ%252Bo2YcT3SkmVukxwqN5ZErOkrN8x8SvflkjRJ3DfIsPysyjJcnfptRVVpOItfnaLv%252BpRZbsKvz0xIa5DtCFCVFwJdeWPD76%252Bqu%252FUwPxluMi40fBiwPazdiRbW8MRKCTQHECIshX0WXX6oxTVxduoxOl4at6c%252F%252B6%252BgqjikxgrY2TDQzfMNqyNa1sgpRbB3ITI7Iyy7s46ZpC7agFh31NCJKftMrbMIG14WbOxJSks07aiZR7kkyYJiDCGtDoxJ%252BnAjJPkAE22plrAcdwUtT9xuTkLssaXqMnEKLwJNjSpmDv6oQVt6P0VnLCHQHpgsz2lY0aqYcdjhpgSOe8K2KcBnfJ%252Fyem1LDmyWektDVZHECCl5rz3NRBnm8RBhH8hI9jC3SaGFUqd%252B5gT6a2%252F4EXs6137kTu9%252F%252FKTMUqMmw6q1gH9nGnREcELH%252BZU%252B7TZLKF4vUDsQSKIcHAEF9tJkdr8tineot9CHYLBq%252BSJurA%253D%253D%7Cclp%3A2334524%7Ctkp%3ABFBM_rDQlepf&LH_BIN=1,1789
https://www.ebay.com/itm/304367132157?_trkparms=ispr%3D1&hash=item46ddb1ddfd%3Ag%3Ae44AAOSwljxiE6c7&amdata=enc%3AAQAGAAACoPYe5NmHp%252B2JMhMi7yxGiTJkPrKr5t53CooMSQt2orsSzaVbXtmGxqmWnpn8RLN2q%252FFsn5aA516yVX9KhW80t6PaxLjHqkqKPvey6yw2xRQO8nHi6U217XNERAQOOkg2VURX8XBlzQ3Vzo2Hldhj2Np7sGpWsZ7FBvMA0SadSJSEDYCFFK4L%252FJgstZC8IjIG7iwsxDMo%252BuuFTwG03%252FyNvemUhWXoon0qCnSclCF5kshVInR7JK7%252BgD1yr1c5ZYbI6t8Mh9dXR9BYbanh2OVtTdCT7lIhOkC68mfqqMuz7NSIBVXYAGFKqZ1zhNdj7PwimCTZ7QaidqkSxxnWiVyISO6iQ7TmfD0gSdjdC04zLZl7XChvNYLOJUt5fIsJskTkxGyuApipxZg%252FKZa1nWB0IqcwlArzC03nI26BYvLTT%252FpoJuPhPYyt%252FY%252FVnH9U5CMc9szJXZsukQNbjdkCSdvHuPEC%252Fgr36iipfngMIm9iqwEcz1rC6lhL%252F0lQ8H%252BMPY7GjwamOiwjBdOIk3OA48bUm99yU3dZJHbm9s7haj%252FYDUCWddU8bDKZjZ9ueR6oWwn8DKEjgzmvDthSeuCVDCVC2fsXApm7MC64XSQAQVb3PTUIkKswNmhwEDq3%252BGjZPfB5mMYaw8DpFdmPRp2nDQWQTSQtUAXMVuGC%252BBBKtDbuw8OKjbG9AsA3Fraz8sdTL8EJWxB30QyCHjFjCzIJ7tz2k2nysB8ECPJtKF%252FIU7v%252F1nqzhqU72UCRHLA2tHn%252B1eZoRQAbjPv3AlnMATydA17aCgZ4u%252FKeZ97PyHjUGqBFTBvKzRhnFPPlqFpz85bx7%252BIreNYu5lA7AiNuS2H%252BuCwox1ZdXjqCdz%252B%252F3HW7VDdkxjza5zHJU4mNXBoXE2hkc7CLvw%253D%253D%7Cclp%3A2334524%7Ctkp%3ABFBM_rDQlepf&LH_BIN=1,1445
https://www.ebay.com/itm/384760968690?epid=4040934334&hash=item59958a75f2%3Ag%3AgnQAAOSwyx9iHqVb&LH_BIN=1,1400
https://www.ebay.com/itm/125171275033?epid=22043275363&hash=item1d24ca1519%3Ag%3Ac3oAAOSw98tiGkAs&LH_BIN=1,1850
https://www.ebay.com/itm/224867111794?epid=16047875718&hash=item345b1fd372%3Ag%3Ao5wAAOSw8y5iHSpi&LH_BIN=1,1679
https://www.ebay.com/itm/384760980874?epid=23040959947&hash=item59958aa58a%3Ag%3AANcAAOSwfvxiHqbM&LH_BIN=1,1400
https://www.ebay.com/itm/125180645647?hash=item1d2559110f%3Ag%3AlHwAAOSwQntiIPDn&LH_BIN=1,1980
https://www.ebay.com/itm/275192787510?epid=7047696774&hash=item4012c4b236%3Ag%3AYcsAAOSwTtFh3G%7EH&LH_BIN=1,1968
https://www.ebay.com/itm/363745661465?hash=item54b0ee5219%3Ag%3AP8oAAOSw6qxiG-l5&LH_BIN=1,1350
https://www.ebay.com/itm/194887392009?epid=27050198942&hash=item2d60319b09%3Ag%3A0NEAAOSwq05h-obF&LH_BIN=1,1599
https://www.ebay.com/itm/313896957358?epid=21050209383&hash=item4915b775ae%3Ag%3AplIAAOSwlNFiHvWZ&LH_BIN=1,1500
https://www.ebay.com/itm/284674634358?hash=item4247ee3276%3Ag%3AuzwAAOSwB1ViHQRa&LH_BIN=1,1649
https://www.ebay.com/itm/144441911744?epid=15047990432&hash=item21a168a9c0%3Ag%3AvU0AAOSw2eNiIBgh&LH_BIN=1,1400
https://www.ebay.com/itm/194887984536?epid=28052041621&hash=item2d603aa598%3Ag%3AUAQAAOSwdOhiIRZd&LH_BIN=1,1425
https://www.ebay.com/itm/224867046751?epid=7047696774&_trkparms=ispr%3D1&hash=item345b1ed55f%3Ag%3AH80AAOSw5gxiIPLy&amdata=enc%3AAQAGAAACoPYe5NmHp%252B2JMhMi7yxGiTJkPrKr5t53CooMSQt2orsSvtkx670Z0mbyfWqmxLFLYXG2m7Bi9%252B17a2jiXSuSDnpnv3FaxgiCOr0HL5KWgaImBj8AGdqRVoW%252Fqp7PJHMv%252FJk%252BAFPP56%252FodXyxsIjjwEbhE1piV7u1MG9nHqlfBKwf%252Fqbgp%252FF9GrphAfakw4fv6VcCsGuYcyv%252FGhSZ6yrIcaOx%252FhienRR1CRent1xVW6qhUH6MhIFf34ODoqvr6zQG2tr44%252FKSzSn6amrnQCs3qYInYdZuEHhB4fTAoSi%252F3ixfDJ%252FIbQnsaVK8WeBos1ldp21gi%252F5dDAk9mQAZPIRgyFD0l63BgDhrUYAi8cxN7WfM0HnKc6gfyDyOAmfI1tWu6ku0v4mFvoTVeHAXO1kuqaP089u5rzNiTEJdpPs5j7OtEV5V7j6OgnYGVMTmN9ABFkX5D11rlP8htI9AvV%252FMT%252BrpAw%252F0f0D7l4U%252Fk%252BbNq1dd19DCYrsuqK3mc0O37NTD1jOovJnD2MLywdAe%252BoEhqcnwusZOibSc7fz8%252F%252FWcDirJbZU2yghIXJrdwJyVd2U7%252B6LceGByYFRLlkqcHkC3OuctwSZNFqSqNG%252BdJ4wleEGM2SQ%252FXWZf6n%252B0eTusM0ihJdcbvC%252BKaBTz7tceJxK1n28hnOMBRM0YPA33p0uv6hNJ0mvaNGy%252BmbutO9bIvx4lIN7QBe8nvMPK7gE4MPU1flMbOaB4RcCsZhoieTIzeY272oZl7lEhikExTXnW%252FRCi%252FAo8uBIgj1UAW%252FlDmFtDzU3XgnT%252FEFfcVyiTmhhfl05gVdVi3ICqHU%252FCEUmWOTLrxWIKvNAeOvmmJqWMg7vnV%252BVIdM1pxbyxwtQ6Meum1I2nUVWuG9k99btg8SnvTzH7Uw%253D%253D%7Cclp%3A2334524%7Ctkp%3ABFBM_rDQlepf&LH_BIN=1,1300
https://www.ebay.com/itm/265554721527?epid=13047690654&_trkparms=ispr%3D1&hash=item3dd44b7af7%3Ag%3As4AAAOSwzwpiDtox&amdata=enc%3AAQAGAAACoPYe5NmHp%252B2JMhMi7yxGiTJkPrKr5t53CooMSQt2orsStdebXPz4ZTXCT8FI9kPBhyZ8tyQczA2R2xo%252BNDjK22uPlqbiGcuVnZ9%252FsGV%252BVEU8fWI%252F%252ByWg7JLwOBxh6eWFRqtGSqm1SnBQsq2RZKr%252F5xGirKX4BEfcSQrub9uRlXUYBRZ1RdJkIN4o3xkzYie0p1WqumGmWKk2mXmSumJdrrcKzIeyDoUXqhjyZzhHg0V4M7k0GdjFciXYepvfyvwFFKnjtun2rkoGL1IqrZN2TXu1NeE%252FOeA4xI6Srxer2s%252BHmzmai%252FWpNEpSswVE9MisTKiqdX1hqm%252F92IwyyWgpJ7a8L0n%252BFFHxSGzh%252F2UzySTQ4Eyc7rM0Yb2o7KfnAtnIxbAK4uaWXwmHKuZQ93wkbWBZwyj0by5CwFRCOcttTlzhV3Yme00vAJ9edwwJRaMCsFD2YGTbpzJAiu6EZMZNQwz56q2MHWvf9778jkdCnSbm4wnkfls2aX4ZYiKxCtGkifH4ZcIuXyjwd57HhWux9CaxpWX4ivV3lAcIj4yg8qG4zjhNQPxyYHCACMPQmLbT4OQH5Pr1fpHtogD2HghYL%252Bno0IFXlkN4eLOqJ%252BBEnjhtNh5%252Fkukm6PezpVjmdngwPeI5hvZ5nV9vnLPrE1ODCOE5iGe7Mwnfkac2ikiEcWemRPRw7O%252FairvXuY2hxduEjZjWIKzt3q%252FQoB4DkhLkxIh%252FOhdtz2AZ3F1VdEEkK6IhxlRKSvqT7Pqj9Gk4fC8yFOSYJauSSPjNSp2eW1iXUJ5mWwLFCSSMJx6ocVWfyDU39xUuwzVdvQHcR9XkM%252F9%252B%252BVel1grEQkaL1qv5%252Bt8rYq%252BiGyWJiNKJb9%252BEVn%252BKtjSE%252Bh2Tgr%252F4%252BbbFdMjYT5p8vA%253D%253D%7Cclp%3A2334524%7Ctkp%3ABFBMgLHQlepf&LH_BIN=1,1699
https://www.ebay.com/itm/384755902029?epid=14048860482&hash=item59953d264d%3Ag%3ARo0AAOSwmU9iGutE&LH_BIN=1,1649
https://www.ebay.com/itm/334346207162?epid=19045799102&hash=item4dd8963fba%3Ag%3AeX4AAOSw5CBiHGT2&LH_BIN=1,2093
https://www.ebay.com/itm/144442997083?epid=16047875718&hash=item21a179395b%3Ag%3ABVYAAOSw6oxiDVGG&LH_BIN=1,1599
https://www.ebay.com/itm/194883814208?epid=8049604187&hash=item2d5ffb0340%3Ag%3ADLUAAOSw%7EIdiHxdZ&LH_BIN=1,1658
https://www.ebay.com/itm/224865032629?epid=13048643312&hash=item345b0019b5%3Ag%3AfKcAAOSwuNxiH7tS&LH_BIN=1,2060
https://www.ebay.com/itm/224867298252?epid=5047700639&hash=item345b22abcc%3Ag%3AuqsAAOSwZ9liIRrA&LH_BIN=1,1549
https://www.ebay.com/itm/275185688655?epid=6052110031&hash=item401258604f%3Ag%3A7KQAAOSwEm9iGvYU&LH_BIN=1,1549
https://www.ebay.com/itm/175167841617?epid=11040732539&hash=item28c8d12551%3Ag%3A9h0AAOSwZiliDQ%7Es&LH_BIN=1,1299
https://www.ebay.com/itm/275192282541?epid=14048860482&_trkparms=ispr%3D1&hash=item4012bcfdad%3Ag%3AmtYAAOSwl%7EFiIJec&amdata=enc%3AAQAGAAACoPYe5NmHp%252B2JMhMi7yxGiTJkPrKr5t53CooMSQt2orsSlHY%252FYTip4QFVjNQrCEJt6qh%252FgS7djLhxyeBmGaoO6MaWDelzftXNYdsweIrbKZe4aHSe5uYxK7IK%252F%252BQlrIG5KhaWgGRhu3LsodFMbujLfcPsUz7%252BQjuWRBGdET12piuzMRSA0%252FcUubRM8Ox4i2ZYg5dP54DLmkEvvViSF3Qo3B9OebtLNNBPl60ZQ5aizQNkN5qN36tQVk5L5mOr%252FEEwxc1ZPBS9sY9a5IxycwPDQi%252FSFKCVgEKKqQPImcp1f3IW48hHLC%252BKTtFe8LwCG0u7vcj%252F4qi81ncufB74uzg2gJip7CCIUDX%252B2sGH0W3jE2mf4A%252BEGqLLCWsSv%252FbL8pgHhr74SaCzwpqXA%252FIbCAZIsE40OrclgHqZ0hooy5vRptxKTWlgwNBltXrucgLFsGasGj1WM5QVLEudHeyFNo5E3lb5DvYt6QXvsRbxIaBAGibG0GtbjeMXJ%252FXsO8x3lbvGHH0FLVehG4sPPALSH7U%252Fdj9fzUAaCTUoBHpnZ4nW0saYNEQJfjIPK0MzoVvm2OUlf%252FpZy03LsVYm7%252Bxny4nojZj7r1%252FWbPbzaKO%252FE%252BsHWKwyl3g6AYQY0fXtNE82Zyj0WMVBKUgJ4TpPwtgro3P4cbBfI5itJxszE7d9%252FV9B1%252BPpJCU43%252FaenyN43eiDeWlRVq%252FUflTWSLV47nk9tKp5mvXBNfhaXUu2BlcKl27ZV4betNelmGrc83VdP6VPgFyVDaNXh8hN7145878Tzt%252BF8y3AZnX274NXsrKTsGVWro5WaW%252BiWvv%252FTmEA7M4D8z6ePNektQtliEI1LfOA9j%252F8Up8pXT8W0F6%252FN0OUtYuNvIlsY5OiE9YjFQ2RQilaWMNBIg%253D%253D%7Cclp%3A2334524%7Ctkp%3ABFBMgLHQlepf&LH_BIN=1,1825
https://www.ebay.com/itm/275136297210?epid=22050522150&_trkparms=ispr%3D1&hash=item400f66b8fa%3Ag%3AKmIAAOSwBIJh7uvc&amdata=enc%3AAQAGAAACoPYe5NmHp%252B2JMhMi7yxGiTJkPrKr5t53CooMSQt2orsSlHY%252FYTip4QFVjNQrCEJt6nkMRCzg5O2%252BGWQoYJOqbQEHMSEHZ%252FSAOEv3SXACcjO0BULK4asqGVddljLNLBZN7ttmmdcmJCJpUNO1QpXbckyHrsAHziZm%252B%252FoN78vKIwmarg%252FRqe%252F%252BP0J4qMwWyhGLZ9BcAU4GfZTdRZZCQCJ6Kz7h3KLtcbPO2i0eDH1WhD5ySBL5t%252FM5RixTWb0ovNv2ja%252FwtwuKedXn7APbP54GOeOtbm%252BYIqqiSdhzMeW6%252BEkFEWKKg8l6pAsKwjs4A%252FaOEJF3b6D8y3zKNoqV1bDn1JY%252FJ58Uiq%252FY9TTbT5XhHKZu9eViFCnqXJLsCPvJR39ZatgWCqlcC1EMEJBwdUTc%252F1E30VTP%252ByBlnrttKXB8kGVLJvofkNjyGYAMiewMivALSEcTgC9J58w1AZZ4Q6W374XFkLKt6SNaAmLa0rY9mevDEHfgL4V8I0NnCwsVe1C2fJ4SOd9KmkKsiUnt%252B59UzfxtSymc4aocUOZkg1P0n7aHHX2GmuV4mjDIXWb4tTOoqsgUfc3lycpyvFATMrt%252Fr3OwuDV1eZNF3ZXQx%252BYJ0XH2VPuo0ZWRM7ipi4YDrX9vwmZMi%252Bmx016IJMtNRghtiDFEM6G0ZbLMsnJhRBweVmPJv12f8coelZ%252Foo3NSGs2bxok7ZtDQajpNzVUfkndCKnZGjUS0eCRxajiRgdOeA4sQsogVswz4jniSm54eJcUimjn%252FqkB6J%252BpoZCCQjBCnoz6QLvA54bYx7TrdUJFldw6XnNjq0SiOjC5nzha%252F28D0deCIp59ugQdTbQV1D2y69oijnQK8VVPwovgqU0U8Ec43PTida8kV9hIBblpYbH8LGQ%253D%253D%7Cclp%3A2334524%7Ctkp%3ABFBMgLHQlepf&LH_BIN=1,1499
https://www.ebay.com/itm/154874936840?hash=item240f43fe08%3Ag%3AehAAAOSwe5ZiHTEs&LH_BIN=1,1550
https://www.ebay.com/itm/154880324041?hash=item240f9631c9%3Ag%3ABYMAAOSwGoRiINmd&LH_BIN=1,1589
https://www.ebay.com/itm/134037798170?epid=16047875718&hash=item1f35467d1a%3Ag%3AiJcAAOSwJ9liG%7E7u&LH_BIN=1,1800
https://www.ebay.com/itm/325065978156?hash=item4baf71312c%3Ag%3Aa%7E4AAOSw%7ERtiDadG&LH_BIN=1,1549
https://www.ebay.com/itm/134036749838?epid=28042949417&hash=item1f35367e0e%3Ag%3Ahs4AAOSwi9FiGpgX&LH_BIN=1,1350
https://www.ebay.com/itm/125175088517?epid=22050522124&hash=item1d25044585%3Ag%3ABuEAAOSwT-BiHV8K&LH_BIN=1,1599
https://www.ebay.com/itm/125178146527?epid=16047875718&hash=item1d2532eedf%3Ag%3AMhIAAOSw6K1iH6C1&LH_BIN=1,1750
https://www.ebay.com/itm/154871587009?epid=6040750113&hash=item240f10e0c1%3Ag%3AMX4AAOSwPnBiEDFM&LH_BIN=1,2145
https://www.ebay.com/itm/325053364242?epid=23040959947&hash=item4baeb0b812%3Ag%3AXusAAOSwXyRiDPTF&LH_BIN=1,1260
https://www.ebay.com/itm/185308379159?epid=14048860482&hash=item2b253d7817%3Ag%3AbaoAAOSw-hpiFMt8&LH_BIN=1,1865
https://www.ebay.com/itm/154856502401?epid=3047408967&hash=item240e2ab481%3Ag%3ANccAAOSw%7EGxiEAD9&LH_BIN=1,1499
https://www.ebay.com/itm/234404376049?epid=19045799102&hash=item369396edf1%3Ag%3AJBkAAOSwLCJh-zIa&LH_BIN=1,2199
https://www.ebay.com/itm/255416350993?epid=14048860482&hash=item3b78003911%3Ag%3A7iAAAOSwiThiIP9S&LH_BIN=1,1675
https://www.ebay.com/itm/275192596059?epid=0&hash=item4012c1c65b%3Ag%3A3fkAAOSwpzNiIOP0&LH_BIN=1,C 21
https://www.ebay.com/itm/384760979628?epid=9049155160&hash=item59958aa0ac%3Ag%3AVzkAAOSwtNZiHqYd&LH_BIN=1,1400
https://www.ebay.com/itm/403514634224?hash=item5df358aff0%3Ag%3AwkwAAOSw18NiE-U1&LH_BIN=1,1545
https://www.ebay.com/itm/334348567358?epid=17049061528&hash=item4dd8ba433e%3Ag%3AcogAAOSwr3BiHsFk&LH_BIN=1,1600
https://www.ebay.com/itm/334336311417?epid=15047990432&hash=item4dd7ff4079%3Ag%3Av%7EEAAOSw2stiEUNf&LH_BIN=1,1312
https://www.ebay.com/itm/165362707359?epid=3050210677&hash=item268062ab9f%3Ag%3AcjwAAOSwacBiHpRK&LH_BIN=1,1229
https://www.ebay.com/itm/224864568923?hash=item345af9065b%3Ag%3AB0oAAOSwanViH4FL&LH_BIN=1,1200
https://www.ebay.com/itm/234447402820?hash=item3696277744%3Ag%3ASn8AAOSwc31h8mgk&LH_BIN=1,1699
https://www.ebay.com/itm/313894894871?hash=item491597fd17%3Ag%3A7L0AAOSw6RRiCojB&LH_BIN=1,1800
https://www.ebay.com/itm/384761836637?epid=12047868671&hash=item599597b45d%3Ag%3AJIQAAOSwLLtiH2iH&LH_BIN=1,2442
https://www.ebay.com/itm/255414326664?hash=item3b77e15588%3Ag%3AGXYAAOSwdBZiH3xM&LH_BIN=1,2500
https://www.ebay.com/itm/275188770686?epid=8041888279&hash=item401287677e%3Ag%3A0eYAAOSwa%7ElhVjnx&LH_BIN=1,1450
https://www.ebay.com/itm/313896383655?epid=6050532841&hash=item4915aeb4a7%3Ag%3ALmoAAOSwGp5iHmfG&LH_BIN=1,1499
https://www.ebay.com/itm/353941145968?epid=3047408967&hash=item5268894970%3Ag%3ADqoAAOSw8X1iH5rM&LH_BIN=1,1859
https://www.ebay.com/itm/194886042304?epid=27047394094&hash=item2d601d02c0%3Ag%3Af9oAAOSwJ7RiIA2r&LH_BIN=1,1999
https://www.ebay.com/itm/203788578503?hash=item2f72beeec7%3Ag%3A5eQAAOSwck9h3ftd&LH_BIN=1,1399
https://www.ebay.com/itm/275191659939?epid=22041885252&hash=item4012b37da3%3Ag%3AlR0AAOSwlIViH%7ElB&LH_BIN=1,C 99
https://www.ebay.com/itm/125137952843?epid=12052120960&_trkparms=ispr%3D1&hash=item1d22cda04b%3Ag%3A4QMAAOSwgHFh9Zxb&amdata=enc%3AAQAGAAACoPYe5NmHp%252B2JMhMi7yxGiTJkPrKr5t53CooMSQt2orsSxXDXcCydCuSj2Tq2S%252F3GniDrO6X3nUu6z4leAsput8uE4WLJpMw4Xa5RHNbyQCukTdg7EUbYRwy9P%252F1Vrf6BzDOZBL%252BjrGw5JDpCUpwQgYrK9%252BrKLZE%252B7%252B6cN6cpwZMssbmX8UO5BiagS2jJQSFfM%252BalkeZwv9hGJTLYpHkuOjzOJ56vDsBqdPp3u6lkmrF9dvmV98p4JuIsJnkRl6tYXA%252B%252FhyEgRn628mDSlUxkQgO6%252BnE0QHpzH9W4lLsCQwTy%252F9XCV9KjWG%252Beu4vHlfAShikMtE3lJL6crBD5KYfm43NUNmfK%252FV1MztApAdSrBT5%252Fpzqwy7ed0DvZqY30lOuGVmTRxsKst7x0vSRaxlIteeA4oVP7ZZ3OAqNCe3JPc1Ou9tCO5jVg0I04FrRXhN78V%252Bf6grZyGaxrU4nZQancI35ws6FXmnRIPAWSfj36a%252FlOHvMLeKP8xk46%252BXpiFVDDnjj2D9A1f3JwBWRfIkEEQdA4joUPQ9y7dCvqimGSYZb14yJrZ0AAbAr1VXWZWwn%252F55vWByXYLnPIqjIzE%252B%252BpoP1awIW61WbAdYDQc%252BVPq65j%252Ba2hhCtcHis7sa5HElZy9%252BrbhAH2Aj9%252BlWT1VKFHnZ1EEf0NCB%252F5brJugj46IiPqUngcKWMQ92m2b%252Ff654gHpuBsEDf5%252FKjHawmvHcx0dxiGioMc34UiNEC7TJk9Wa8VCd6m7OGfCupsJ%252FAFzeo%252BvA0cmPvibP6COrIVzhoUbTKw3c9KA0XkJPqyLA9VVXdNATHARDFruxjcPCWR3KP3wZcC1bIwGbKcMdj9UsMz89Nq5kRzzV18iP1CmyUEEsDVwOhRRmoH%252BpCW0BPDbcV0vw%253D%253D%7Cclp%3A2334524%7Ctkp%3ABFBMgLHQlepf&LH_BIN=1,1499
https://www.ebay.com/itm/334350660207?epid=4040934334&_trkparms=ispr%3D1&hash=item4dd8da326f%3Ag%3ABIYAAOSwq8Bh-vGy&amdata=enc%3AAQAGAAACoPYe5NmHp%252B2JMhMi7yxGiTJkPrKr5t53CooMSQt2orsSprd4IgPv6LBzlteBBg9Pe7KHfe7rF6etndGG%252BZBu3Q2Yt%252Bb71AC3i8O4DKXINWgryuJXWbL8TdTvnMaYM2QXlTgFR0zHehrsH4enHPqZ7ug6SQG6WoEuCMWuA3Ej6nYklmDENRjt%252Baq3Uu%252FlsfGKAgtDFYWWxtyQ7Dc0r2QvgDwrWOFpG1kKhUvquTHVoTiqy3pjmUoyV%252FKCiSGAiMM5QXSeF2MJd1II894DgyP5V4vYI6xHDSEBs8Q4rkumSU8JhD5vrQKSUOTIykYkJU5m4TooslVjXxcPKRMzlxp%252B%252BRCzLyPlD%252FFcH7YtqdwVV951sRQpiaxZVrmWxgnw%252BACjDH%252FLtLW%252BhE%252BHOeBzoClXccIt7jxkIUYpHt0sbHSdXCB5LF45DRQNL4MwtBqFl6pNEsSOsaSQCqpl%252B8LTGVUskSAzE4FIQvsvF%252BuZj9tq5%252FVyzHV7H5e2SjhNiC1OPhxdvEf3uzTTAWLUiUJ1VRAIU6brX4bcGX3Pl10snLtSjiQmtJmZByjTNKTEQveJBvQPwGEXd2wUlae9gMh8WZG99KPyOygKd6RYFcsZUY%252BFgstru8Fe0GcTSZRsC9renDt4EMGQQjLcuw4ei25zAXhr%252BXa5s2JgV4Kma%252B1N4pnot35%252FBNgx3sP4tBPYOzyWSfeTfz7%252BWZ6Kr3rFWx%252F7mCLd7bWIrpbsGuKmXO7s6Df6tzMMsFw8sb90EwrfCKEkN%252BHJUmfqnlUit41QTGwX%252BCrE2Wa%252F3tYeGDIOEITfw5Jd1AfCxSVnloa0atyK88OY1hkg%252BVGDt8j77VMqhgZrCzpXNVFCN973MvNDd63FL1K0iKRyIOnRGbOSC%252BL9ZCmOtpf%252FtQ%253D%253D%7Cclp%3A2334524%7Ctkp%3ABFBMgLHQlepf&LH_BIN=1,1690
https://www.ebay.com/itm/334350660207?epid=4040934334&_trkparms=ispr%3D1&hash=item4dd8da326f%3Ag%3ABIYAAOSwq8Bh-vGy&amdata=enc%3AAQAGAAACoPYe5NmHp%252B2JMhMi7yxGiTJkPrKr5t53CooMSQt2orsSprd4IgPv6LBzlteBBg9Pe7KHfe7rF6etndGG%252BZBu3Q2Yt%252Bb71AC3i8O4DKXINWgryuJXWbL8TdTvnMaYM2QXlTgFR0zHehrsH4enHPqZ7ug6SQG6WoEuCMWuA3Ej6nYklmDENRjt%252Baq3Uu%252FlsfGKAgtDFYWWxtyQ7Dc0r2QvgDwrWOFpG1kKhUvquTHVoTiqy3pjmUoyV%252FKCiSGAiMM5QXSeF2MJd1II894DgyP5V4vYI6xHDSEBs8Q4rkumSU8JhD5vrQKSUOTIykYkJU5m4TooslVjXxcPKRMzlxp%252B%252BRCzLyPlD%252FFcH7YtqdwVV951sRQpiaxZVrmWxgnw%252BACjDH%252FLtLW%252BhE%252BHOeBzoClXccIt7jxkIUYpHt0sbHSdXCB5LF45DRQNL4MwtBqFl6pNEsSOsaSQCqpl%252B8LTGVUskSAzE4FIQvsvF%252BuZj9tq5%252FVyzHV7H5e2SjhNiC1OPhxdvEf3uzTTAWLUiUJ1VRAIU6brX4bcGX3Pl10snLtSjiQmtJmZByjTNKTEQveJBvQPwGEXd2wUlae9gMh8WZG99KPyOygKd6RYFcsZUY%252BFgstru8Fe0GcTSZRsC9renDt4EMGQQjLcuw4ei25zAXhr%252BXa5s2JgV4Kma%252B1N4pnot35%252FBNgx3sP4tBPYOzyWSfeTfz7%252BWZ6Kr3rFWx%252F7mCLd7bWIrpbsGuKmXO7s6Df6tzMMsFw8sb90EwrfCKEkN%252BHJUmfqnlUit41QTGwX%252BCrE2Wa%252F3tYeGDIOEITfw5Jd1AfCxSVnloa0atyK88OY1hkg%252BVGDt8j77VMqhgZrCzpXNVFCN973MvNDd63FL1K0iKRyIOnRGbOSC%252BL9ZCmOtpf%252FtQ%253D%253D%7Cclp%3A2334524%7Ctkp%3ABFBMgLHQlepf&LH_BIN=1
https://www.ebay.com/itm/353928180544?epid=24042452987&hash=item5267c37340%3Ag%3AGE0AAOSwgG1iBWWH&LH_BIN=1,1650
https://www.ebay.com/itm/144436370202?epid=28049305346&hash=item21a1141b1a%3Ag%3Ays0AAOSwx5ZiHFxM&LH_BIN=1,1545
https://www.ebay.com/itm/224867308108?epid=22043275363&hash=item345b22d24c%3Ag%3AXUwAAOSwMPhiIRuu&LH_BIN=1,1329
https://www.ebay.com/itm/144386273469?hash=item219e17b0bd%3Ag%3AxtYAAOSw86Fh8UPO&LH_BIN=1,2150
https://www.ebay.com/itm/175160927878?epid=16047875718&hash=item28c867a686%3Ag%3AdxQAAOSwHk5iDIH%7E&LH_BIN=1,1579
https://www.ebay.com/itm/154864977326?epid=22050522150&hash=item240eac05ae%3Ag%3AseoAAOSwfNViFRfR&LH_BIN=1,1499
https://www.ebay.com/itm/125177114592?epid=16047875718&hash=item1d25232fe0%3Ag%3AqykAAOSwKvFg7qZV&LH_BIN=1,2900
https://www.ebay.com/itm/175182124393?epid=24050200803&hash=item28c9ab1569%3Ag%3Axh0AAOSwO3xiHoGS&LH_BIN=1,2200
https://www.ebay.com/itm/125163324646?epid=12050514937&hash=item1d2450c4e6%3Ag%3AuJ0AAOSwWBNiFTOr&LH_BIN=1,1489
https://www.ebay.com/itm/265574080048?epid=23040959947&hash=item3dd572de30%3Ag%3AALoAAOSwANNh5kQT&LH_BIN=1,1479
https://www.ebay.com/itm/154856883668?epid=24050200803&hash=item240e3085d4%3Ag%3Aok4AAOSwy9JiEEXQ&LH_BIN=1,1950
https://www.ebay.com/itm/165347228146?epid=5052107016&hash=item267f7679f2%3Ag%3AcwEAAOSw51hiEsj%7E&LH_BIN=1,1475
https://www.ebay.com/itm/165340600513?hash=item267f1158c1%3Ag%3Ar1YAAOSwZDFhqYAJ&LH_BIN=1,1250
https://www.ebay.com/itm/384758632914?epid=16047875718&_trkparms=ispr%3D1&hash=item599566d1d2%3Ag%3A6tUAAOSwJRxhzNB1&amdata=enc%3AAQAGAAACoPYe5NmHp%252B2JMhMi7yxGiTJkPrKr5t53CooMSQt2orsSQuF9OYLb3wphIAOfpJK8RkUHD6nIViWGu%252BYTeXk8Z8LAIMDRa62SPkc2bPmXmfvm68CGMx%252B610QZXZEsHW8EZqkp771Vtqr66V%252FhhvHpfvanPPy8E%252BjgegNPFm8qlyCR3A6nxx1SAfZyyD308R1xz%252BRhR2Ma2TV1ZgOi7vFko1KlLK9yNnfB3ql5MCkqzclhGbVguuXMJjRF75GQUK5L%252FwonGhengY%252FOPy8t4KEmnTBiEjs%252F8fFpcP37nqPE2yQn%252BqGIH0m4PR26hapAscAkjMXW78b2XqJicqcaJc%252Fs2d7YF5Sf6H%252B6ZO86NgxN8eYaEXRLjYgYuP7wKTZLNx69U6uxweYUXszYibHTnOoBOX4MqriIqSy8BuVjD6r47lokVcz5Y1FbZlUVxuy2uQ8cbBV%252BR3eJeF47YFfHywCImQzWTXc9Yyf3oOcAQwen9GR%252FjWMx262pLvjwQDE2gWALX0p1HpQ5rouWMn2HfqA6ncvKrliejoqD5hTxu5%252BmnPS%252FrnH3UO4Yo2xUddnNC4IqMKvuYFDfp%252BF4VM9UfF106Zghtt6F7Tzv9vO%252F3CioIudmc1Dw0IJrWjO40PRNAIjvL0pAojMalVNY%252F7OBkxcJpm%252FlmX9vNfgZBTtTkGPHld3Xek6MpmUqKBIFng2ujWsTnRxit5%252BRkI3u9RVs2dYfKfZlf%252BpFDyYRVP3FWZr242Ma1O%252BghTOJNtOFLO6yZuCMDklEyGfjUO13bp%252BIUkjPI8Ccy5GzqPz8gXF8RM4XwRiF2WbgLZUrLdqgxdSPQmICxmGrEng4ASQG30bR8oj2mWxRGaJt3NpjtCdnv42zxMVeS0IdyX7YQBbLpdMMy02ytg%253D%253D%7Cclp%3A2334524%7Ctkp%3ABFBM3MnQlepf&LH_BIN=1,1999
https://www.ebay.com/itm/203846263918?epid=22050522150&_trkparms=ispr%3D1&hash=item2f762f246e%3Ag%3AhFAAAOSwrodiG9cX&amdata=enc%3AAQAGAAACoPYe5NmHp%252B2JMhMi7yxGiTJkPrKr5t53CooMSQt2orsSjVt3vLKCbov98Z19qhuwY9FBku8tDR64uEQI2XW1lbNg2ReCmRo0tPksoo1DIUlbgtbIrGe%252BGzsSLHLNwBF0JX9r1PYzwhdDv0JrqvtPLvkHSpFXpv0YRA8c9%252BiB4%252BSayXorFTx8gysRaIQVZDf0MZ8UZLx9NM1fAAmssM44d%252Bq0kTNnhADI9d368mV5wpWmQ829fEZcegcSUmRZNKRdltznNexflgFTKcwFPAE88fAEgVs%252FOtANoDsBOiiHlusjxI2SM8jzkneco2vAzGBT0hb0Ps%252F8HNHEIoUhMKB7RPY8j4EsD%252FhuzS9T1yOcyWrt28HSQIRbe5egQEyrkWciyQpUBo2S9HKUwn%252B3QxipIreICsh0wrAwD%252FLMvMTonJeU9d70mxN1q%252BCMp1sHBjO48Lff9q1skqTBEi7oVo%252F1OXkjEaawWbZI8Fy2g9XQw4WdTKcGgl9F9iq%252BtDyoVzyB9Qiq8deV2GwIotJcVLSlhO8vKH0zyrokeZMXFxq6PPVwYEVf5A%252Fu76VX1v%252BiMV%252BBdzG8h2tcseucTkCrYKamywyWCaINVCZ7rsflGvFN2E8wMF3n1V1nkbmJwt3nidZQnQTwQYamPyYGT5O%252FW%252FFPtDG91peOUPuH8XFJT6jgLY49wdCPvei8dj%252FgrWx8yOxRFjgmcigXesnpjPndb5a2CFnoYJhEtDS%252BlYbMOJjfB0SW8Bn3Ec6B2FudTaotkyoMFnORMrthDeMbUOztOw9s10qdEnxsK3sjwnJtriilIPBiLXsImkiiQr%252B8APRDytRQECJLqtkkg014pDe77ZroIBjDR2cytIKiJmB6R0aqAJR2kQdF84yDF1MCR0Dpqn4lcA%253D%253D%7Cclp%3A2334524%7Ctkp%3ABFBM3snQlepf&LH_BIN=1,1589
https://www.ebay.com/itm/255406971077?epid=4048677824&hash=item3b777118c5%3Ag%3AgH0AAOSwdkphoPn2&LH_BIN=1,2488
https://www.ebay.com/itm/275188877899?epid=6050532841&hash=item4012890a4b%3Ag%3AsD4AAOSwnBJiHb6p&LH_BIN=1,1500
https://www.ebay.com/itm/194466178186?hash=item2d4716648a%3Ag%3APuQAAOSwyllhd0PH&LH_BIN=1,1430
https://www.ebay.com/itm/185318967036?epid=8049604187&hash=item2b25df06fc%3Ag%3AHn0AAOSwXg9iHRi%7E&LH_BIN=1,1700
https://www.ebay.com/itm/284676974014?hash=item424811e5be%3Ag%3AACsAAOSw7AViHqHL&LH_BIN=1,1400
https://www.ebay.com/itm/144419729982?hash=item21a016323e%3Ag%3Awm8AAOSwnQRiDyWr&LH_BIN=1,1450
https://www.ebay.com/itm/304374582030?epid=6040750113&hash=item46de238b0e%3Ag%3AZmoAAOSwV1ViGkYV&LH_BIN=1,1475
https://www.ebay.com/itm/115269776361?epid=4040934334&hash=item1ad69d33e9%3Ag%3AweEAAOSwJGViGo41&LH_BIN=1,1500
https://www.ebay.com/itm/134034179177?hash=item1f350f4469%3Ag%3A5MwAAOSw7qViF39q&LH_BIN=1,2350
https://www.ebay.com/itm/144425771844?hash=item21a0726344%3Ag%3A7C4AAOSwg9FiE-Fl&LH_BIN=1,1399
https://www.ebay.com/itm/313878506702?hash=item49149decce%3Ag%3AqJ0AAOSwAgBiDUEZ&LH_BIN=1,1399
https://www.ebay.com/itm/175174906691?epid=3050210677&hash=item28c93cf343%3Ag%3A-hAAAOSwcB1iF9vL&LH_BIN=1,8125
https://www.ebay.com/itm/154875483333?epid=14048860482&hash=item240f4c54c5%3Ag%3AK9UAAOSwFDBhRtxL&LH_BIN=1,1899
https://www.ebay.com/itm/194803643647?_trkparms=ispr%3D1&hash=item2d5b33b4ff%3Ag%3AmksAAOSwjXZiAYXd&amdata=enc%3AAQAGAAACoPYe5NmHp%252B2JMhMi7yxGiTJkPrKr5t53CooMSQt2orsSd3M8ngECaRA0SmyU4KT%252Fnq6yAU95p8QUnOPnfFn6DGRS4cRRH9fTS2xmqb6hMj4UIP9X7M4Hizcxf4008XThM2nyJXkUX5lJYm8KQXqXXPW8sA3eDbIcmqBgs6FC1zowd7fbezoeSy%252B28dsCFeeRbkvrLzuu7i4VHTo1pLB7y9oj2zcAJSKkjcJlfje0BqG8bYlvz5LQDjzqj3qQoSf2rv5CMVdauk7WWSX3LaidPTJu4brGwpM%252Blv%252B8rakjYSELGaJvx6cPmwa2fsQWfwxqB4xzggAki%252BP2Abb7NosQR6G9%252BoKE867YUIZhQbRxK7QJ2rkGuScOnhKFZggZNm4zMxj1Suct5C2L8YNlIIP%252BOkXhg9rgzQpk44oORQyw0dyNwkZOFopVXxY%252Bo%252BIP%252BqtHOHNFYZUCoUf5AeM3C%252BVY48slUqzFWWD8DpjWmhrz62S%252Fd7MakqXX85hHV7KKKDVcUO912heKcNy40woFJgYNLW7ashOHp0%252BFJKEVGvPm7Jq5iFkzbI7%252FZkj9aYLUTfDPerKC6D4UK9OmGSXhSgtmuymRJAmrPXNm%252FGD2Iie9r%252FaIiqIs%252B0mwhYtPwJNdmOcdRUs3AXV76Ahx9TKpT2qjmYN589EgrTEOUAS%252Faj4mZMk%252BsKrFzSpCTBxaNprW0iMUmcPGYANb7kzajogAxCPS097sy8SDinlT9%252FRirO6Wu21Wl1WH1zkvovG8VjQjpJPCqTW2cf5t4HJLEzvZ0%252Fnqjczi9anVDJgk0Yqg8gnjLjBG5Anfpilsc9YH%252FTC720aBRkggz%252F7moyZHpYmo0%252B7YSO%252B%252B5lhMd%252F0anZ%252BmVHHA1OtRUNWVFCtcfdyXbFo2E3LBTQ%253D%253D%7Cclp%3A2334524%7Ctkp%3ABFBM3snQlepf&LH_BIN=1,1698
https://www.ebay.com/itm/275165617940?epid=14048860482&hash=item4011261f14%3Ag%3AUsMAAOSw1WtiAiVS&LH_BIN=1,1899
https://www.ebay.com/itm/325070570305?hash=item4bafb74341%3Ag%3AW8YAAOSw0r5h5g2O&LH_BIN=1,1439
https://www.ebay.com/itm/373824021752?epid=6050212838&hash=item5709a5e4f8%3Ag%3A0SIAAOSwjKRhtNG5&LH_BIN=1,2200
https://www.ebay.com/itm/353918729807?epid=12047868671&hash=item5267333e4f%3Ag%3AwDkAAOSwwypiDwjV&LH_BIN=1,1755
https://www.ebay.com/itm/294781208247?epid=16051871423&hash=item44a25446b7%3Ag%3ASAwAAOSw-5Rh9hNX&LH_BIN=1,1599
https://www.ebay.com/itm/294817409772?epid=23047887148&hash=item44a47caaec%3Ag%3AV1IAAOSwvW5iDVm-&LH_BIN=1,1899
https://www.ebay.com/itm/154871165205?hash=item240f0a7115%3Ag%3AbZYAAOSwcKxiGmU3&LH_BIN=1,1599
https://www.ebay.com/itm/284673395658?epid=16047875718&hash=item4247db4bca%3Ag%3AXVcAAOSwz2piG-fp&LH_BIN=1,1649
https://www.ebay.com/itm/125120496196?hash=item1d21c34244%3Ag%3AnmgAAOSwnu5h8iPA&LH_BIN=1,1450
https://www.ebay.com/itm/325070185199?epid=28049305346&_trkparms=ispr%3D1&hash=item4bafb162ef%3Ag%3AYFAAAOSw0OliGERX&amdata=enc%3AAQAGAAACoPYe5NmHp%252B2JMhMi7yxGiTJkPrKr5t53CooMSQt2orsSvhAqMt0wg86xg8aAkgjQJFBQcQ3H2P3EqV5f0m%252FePBFVTe9%252Fi8zkyXU%252Fsa4XXetZA7FaWMVEQvk4Y%252FSf91S7mKciOKMQpFmpnakn01sWKvntFCTRvKQSCdL7pU2f6vVl0dorv6NaYRbnb3HZugzoKtCOlShM%252BREzyGv4yOaFzjzzAXUB4eYEDIzd6Gz9e0H2J705YGeo7vhZ7YZf4xKeVDgrrvEhz2ENTor8e2vufD5TfLprZyhKw77nA2vxBPF8DwmAjZ2fxUOwhgxAih8h1hQdEDlmHam%252Bq3Ohka6bIls9AA5PcHtAUtwtUGXP1O9hVbEMFqxRwHG4upNdeDfqFVh64cOKYGLktDU2938c2qz0%252BHb7twpFMruk5fVuEWta6K0jwzTPjDnHDJPwBNKPcDBpbtxcnW6WmU56LDyg1flelzOdLkTUSKfurdnuyLAtbq%252BYuEIMpbiKR17fAzyGVWzntrVHcbz3eQetWvEhUoP3FfTaxaFsgwogT%252B%252FMqXPW8FbpQAd8VTYTTQxcefJzzvPdjGxYvU5xJhL4PCHtXhFhZQyDJFGcRG3%252BmBlhNDPw204iTPzicEbK8hEW1xIaKoBbiVOhCyMDBLHJLEkOAOcO0%252BaqWscSyZESIv%252F4vG5wVCZJM5h0N2aDk1VFlPrbMRLttxpdpPBkId%252FfIcYozw2q8Lvq8Fls1A56YiE0f5QQxtGhcZ9BTSW8YEMzmTjsJd95%252B5EzjqPSDDG1rJqeeO%252FB8VnkxalEV%252F2TcBsNKSV5y1ilkOxxL1dkFNKlUxRvcvMg6KEJVFO0V0wlGJH%252BhJLtEK5jS1MX2vi5v6ruqmT4TfxvYtMFDC4OATUsOMN89A%253D%253D%7Cclp%3A2334524%7Ctkp%3ABFBM3snQlepf&LH_BIN=1,1500
https://www.ebay.com/itm/304283033975?epid=22043275363&_trkparms=ispr%3D1&hash=item46d8aea177%3Ag%3An38AAOSwO3dhzh0A&amdata=enc%3AAQAGAAACoPYe5NmHp%252B2JMhMi7yxGiTJkPrKr5t53CooMSQt2orsSzaVbXtmGxqmWnpn8RLN2q5EpJ2v9lBZehctINTq2609pK7fHvxwMZIhsrgW4ujOgaI0L9oLOFf95a2Gg4MEJfV78zhJh2qXw9tUGcjG1DyFu1p01BLyt%252BgJmvvrymVVT%252B9akj2q3MQAO9zFBfkgAVrCzv5IndfnaeKs9FHogineZ%252F5qdU5%252BFytLqiJpGeZ4sIKMowY9hHMoetjFxqd0EOxUl2KQtETTecf8Oq77BgLAfxDtAysiEhjDVaHNpaQ5Zv42KBK9sII%252B%252Fx%252BIuW3Bnln0%252BIFrqzQa4X7gkkwsviRWt0if5yH5T5e%252BsFxLHPFmwArkJyqRNtxUjqW1jQqFTjZNmCUnfRSHCZZ96XYwcs5H8GuRaeS6wDHcarzVLRXZ0Ieg1L19ZZ1SitJZtUVj7ES2Zx5feN16YY1CUsvL7IiJVIzE79inK9x%252BqZXa0gEBH4MvWs1QO5tXzWFifcydxKyJO%252F%252FgVHYEo8MUyWYUB0vW8Cl8ItVliSexOM6dNMJatcgcbPCKXGjUE7Fqv5Keic4ecXb6mvlzlijiQ9gUiOYLKv%252FZmZ00oAiQMLdYjaFLuI5e8jPQNad05OXsylGO%252BVFm%252BhuVIGYVVRHEOegdkh1pejHV7%252FqDHeB0mOf%252BmZMLzRN8Ff6smt1E%252F0fX2JRdgFDMpHrF21umZW0EInJ3%252FWiAYGdp6n7k05552Nvo%252B355OjjTbiHvxUZQJlmkxmRC6mgMPTlwTFCZHF5M4PKqXGpH2XaqsSdlx%252BW95YOxkyFneDPQgcmT0L2wu8WveynPl0aYX6u964CHVfywHKYo%252FqCahYriGA0Fu9hybrKVNxz6F5nzz0ohqdb42Qs87pf7A9A%253D%253D%7Cclp%3A2334524%7Ctkp%3ABFBM3snQlepf&LH_BIN=1,2000
https://www.ebay.com/itm/224852614926?epid=16047875718&hash=item345a429f0e%3Ag%3AELwAAOSwnc1hyhUw&LH_BIN=1,1595
https://www.ebay.com/itm/115274383259?epid=9049155160&hash=item1ad6e37f9b%3Ag%3A90QAAOSwNv5iHp46&LH_BIN=1,1700
https://www.ebay.com/itm/313893644333?epid=9049155160&hash=item491584e82d%3Ag%3AbTEAAOSwXT9iG43c&LH_BIN=1,1484
https://www.ebay.com/itm/303900883016?hash=item46c1e77848%3Ag%3AVoAAAOSwpKJgNxAy&LH_BIN=1,149
https://www.ebay.com/itm/134034175308?hash=item1f350f354c%3Ag%3ArMcAAOSwQ9ViF3xn&LH_BIN=1,2350
https://www.ebay.com/itm/125178352942?epid=8049604187&hash=item1d2536152e%3Ag%3AD%7E4AAOSw5gxiH7nf&LH_BIN=1,1498
https://www.ebay.com/itm/275178022818?epid=14048860482&hash=item4011e367a2%3Ag%3A8EgAAOSwvBhiAiVL&LH_BIN=1,1875
https://www.ebay.com/itm/194868300995?epid=9048827134&hash=item2d5f0e4cc3%3Ag%3AJQUAAOSwU2JiFlfm&LH_BIN=1,1450
https://www.ebay.com/itm/185307882441?epid=8041888279&hash=item2b2535e3c9%3Ag%3A5A0AAOSw5iJiFFGQ&LH_BIN=1,1450
https://www.ebay.com/itm/265573799765?epid=16047875718&hash=item3dd56e9755%3Ag%3AyVwAAOSwmpliHnr-&LH_BIN=1,1589
https://www.ebay.com/itm/203839688221?epid=16051871423&hash=item2f75cace1d%3Ag%3AEZsAAOSwXSRiE-CN&LH_BIN=1,1574
https://www.ebay.com/itm/223992727602?hash=item342701c832%3Ag%3ARlYAAOSwJDZhad1y&LH_BIN=1,2049
https://www.ebay.com/itm/165356232976?epid=14047400255&hash=item267fffe110%3Ag%3AjQAAAOSwkrVh9I6E&LH_BIN=1,2098
https://www.ebay.com/itm/134033723011?hash=item1f35084e83%3Ag%3AvO0AAOSwi9hhzgOf&LH_BIN=1,1455
https://www.ebay.com/itm/165365345837?epid=2318924111&hash=item26808aee2d%3Ag%3AqXEAAOSwEm9iIMls&LH_BIN=1,2200
https://www.ebay.com/itm/154876627143?epid=2318924111&hash=item240f5dc8c7%3Ag%3AwE4AAOSwoQ9hz0Eu&LH_BIN=1,2495
https://www.ebay.com/itm/144441296297?hash=item21a15f45a9%3Ag%3A9XAAAOSw0UhiH5hL&LH_BIN=1,1499
https://www.ebay.com/itm/325069547740?epid=16051871423&hash=item4bafa7a8dc%3Ag%3AFKcAAOSwJjdiF8l7&LH_BIN=1,1549
https://www.ebay.com/itm/175163998141?hash=item28c8967fbd%3Ag%3Aog0AAOSwW4ViDwPS&LH_BIN=1,1650
https://www.ebay.com/itm/275187783418?hash=item40127856fa%3Ag%3AkkAAAOSw6qxiHOIn&LH_BIN=1,1449
https://www.ebay.com/itm/265553810474?epid=5047700639&hash=item3dd43d942a%3Ag%3A7OEAAOSwpA1iDh1p&LH_BIN=1,1888
https://www.ebay.com/itm/224851260672?epid=9048827134&hash=item345a2df500%3Ag%3A%7Ei8AAOSwIIJiFQw5&LH_BIN=1,1349
https://www.ebay.com/itm/165356602721?epid=14048860482&hash=item2680058561%3Ag%3A21cAAOSwn51h-Gwr&LH_BIN=1,1800
https://www.ebay.com/itm/125180101875?epid=10041887790&hash=item1d2550c4f3%3Ag%3ARdsAAOSwxodh5UwH&LH_BIN=1,1439
https://www.ebay.com/itm/334314475477?epid=8049604187&hash=item4dd6b20fd5%3Ag%3AalEAAOSwn0Zh-qZj&LH_BIN=1,1400
https://www.ebay.com/itm/224818752958?epid=25049061883&_trkparms=ispr%3D1&hash=item34583dedbe%3Ag%3Ac24AAOSwlBFh-XJN&amdata=enc%3AAQAGAAACoPYe5NmHp%252B2JMhMi7yxGiTJkPrKr5t53CooMSQt2orsSvtkx670Z0mbyfWqmxLFLYXIO7mPwLwTrx2q9run%252BWjgOP%252BGpjWG1fF%252FhwsYJldWxy%252Fscn4%252FiwLOf034kw1%252BbfZl4p8aKXAtI8VQolc4zRdz2hEHyJJKxLHyj7J6aa4pZIbW1TLxVLFUb2rlxsl%252FR84BuKuFDYBj27E8m0m%252FBBxePZ7MAXOBgMKLZqB1BZ%252BqMoSWEETl5KwgRwuG2fhU91Wa4uB1unyDXCpncOAIa%252FmLEEiLBfE1HmWWqdtU1q1%252F2qnrt2IEd2zsVAIMGJ1qYmNKtuH3vWQ5n41LWBnCwR04jyV6cIfllXmgVNWKp7unlIAvEJUzrw5sxSmr4OE%252Bd1qbMt6rRieNPI790WGX0PNlLyfWnje8cGeIM%252B2OlWcWha0UfGQ1qqdk8O439yf6bIoadaUe3u4c%252F9Z5ZGgDWUumyp3kaeM4EsXk7UoiNC1dLCNRTo9bjaoJUYWNZCLD34O%252B5%252BCLfVCYkvplRBalChjjc4dEjIwrpGCqUkwmAC2clrw4utlHkqpiM6%252BjnS7YX2I0EN30hUIbJ6bQ8wynVYxoTUvo3mNStCojsYDSvFZbSrB8wBHUqhkNdf0ZZzCtQmUn3H90h1nu4hlXErWOngEjRcBOk4rEP8EWMxm8xyszqL7glvevfNxf2X6a0yjk6mdeay1l%252BTHQQ3UEcp0NbP78JalpGTMC5VWI1EoJTACdR1irJp7XJIZV7yixZHAxBqlsMibhRz3B4BGrPoZg1KlROuDETSaiFa72G%252FIbymabMpveuTE9BMhYGqR9PiJLrg4jlFG60p7%252FFzXtHTPqbQUI9f4gIqY17IaPhKbkKu%252FwnrCDWvtup8UwyksaeIlewcA%253D%253D%7Cclp%3A2334524%7Ctkp%3ABFBM3snQlepf&LH_BIN=1,1649
https://www.ebay.com/itm/194869183356?epid=18050635688&_trkparms=ispr%3D1&hash=item2d5f1bc37c%3Ag%3A-HkAAOSwntBiFsRm&amdata=enc%3AAQAGAAACoPYe5NmHp%252B2JMhMi7yxGiTJkPrKr5t53CooMSQt2orsSd3M8ngECaRA0SmyU4KT%252Fnm1ou2OR9LkhSx9IYhBsDUWdko1jlOLPGWZJ3Gem0OH8JlXi9oR6WXSfaFvmDC8yhlIqpsXUzXyJsz8t0InnuIY2idbWjpYyMfuCBJewWBpytiKCnWN1pSFGcroevmR2vCnssnRjB6zw%252BuymGASRaNVEM4xugKIITO1%252FCEcLPqDC61yP0Ui09FdBz3mMpa9HZqGeGrmFByayPj6jdqFE0pqfxyC3mqlHNzPsQjASxkdaq02kdVdWBCLE89ydcUSyh7qyp3L9zBqQAKoCnWZ1q31WEm%252BempxKgVBPfAauVD5zR4NjJkPCNJpTl5%252Bcp0OEw0APh68C9BLwTp6L0CPX52mPOWtG4xjozn2ekFeQ5RYZpi%252BPKEgbQCxGAP4qaeQWYzEvvYU3dOxGCQzAwySnuimdBPazDPSrMzZaTzojPqkAuFYOrLR96RyhDOvQbL8BKriw9RHNof0gx6l5iM5FgUm1%252F2oxmrlEusT67r5sGTadqd3EwFeuDB6142NiSXbKyl%252BnAp0pEQ4kWX9jVMhnJLoKAVEIDo1ERo5RgTBC5lz%252FEm8cZpWlXWuCHSito3PbBIyknbJto0du9VNdajs5Ustb%252BjZKkvtrdp9oiflwnCuvJ8azpGwwM6WLaWb%252F6QUbMjbdUWuN7rAdw%252B4cJ2mi24ng8GtE6ltrcu0LmPToxDYhUUi1ZFa1CK9%252FeaaY7fDpzbP4KDNMG3prm0IbJE3goDmQnmarrtHnynnPyaT28FPtAEWydrWLLaRM417%252BXHz79SkOy8yZjJKKbvTs6TJaLdwfVibcbPoA%252FdZK1yQAxVYtEE%252Ft%252FHgepmXNk6fhfxXjBw%253D%253D%7Cclp%3A2334524%7Ctkp%3ABFBM3snQlepf&LH_BIN=1,1440
https://www.ebay.com/itm/194869183356?epid=18050635688&_trkparms=ispr%3D1&hash=item2d5f1bc37c%3Ag%3A-HkAAOSwntBiFsRm&amdata=enc%3AAQAGAAACoPYe5NmHp%252B2JMhMi7yxGiTJkPrKr5t53CooMSQt2orsSd3M8ngECaRA0SmyU4KT%252Fnm1ou2OR9LkhSx9IYhBsDUWdko1jlOLPGWZJ3Gem0OH8JlXi9oR6WXSfaFvmDC8yhlIqpsXUzXyJsz8t0InnuIY2idbWjpYyMfuCBJewWBpytiKCnWN1pSFGcroevmR2vCnssnRjB6zw%252BuymGASRaNVEM4xugKIITO1%252FCEcLPqDC61yP0Ui09FdBz3mMpa9HZqGeGrmFByayPj6jdqFE0pqfxyC3mqlHNzPsQjASxkdaq02kdVdWBCLE89ydcUSyh7qyp3L9zBqQAKoCnWZ1q31WEm%252BempxKgVBPfAauVD5zR4NjJkPCNJpTl5%252Bcp0OEw0APh68C9BLwTp6L0CPX52mPOWtG4xjozn2ekFeQ5RYZpi%252BPKEgbQCxGAP4qaeQWYzEvvYU3dOxGCQzAwySnuimdBPazDPSrMzZaTzojPqkAuFYOrLR96RyhDOvQbL8BKriw9RHNof0gx6l5iM5FgUm1%252F2oxmrlEusT67r5sGTadqd3EwFeuDB6142NiSXbKyl%252BnAp0pEQ4kWX9jVMhnJLoKAVEIDo1ERo5RgTBC5lz%252FEm8cZpWlXWuCHSito3PbBIyknbJto0du9VNdajs5Ustb%252BjZKkvtrdp9oiflwnCuvJ8azpGwwM6WLaWb%252F6QUbMjbdUWuN7rAdw%252B4cJ2mi24ng8GtE6ltrcu0LmPToxDYhUUi1ZFa1CK9%252FeaaY7fDpzbP4KDNMG3prm0IbJE3goDmQnmarrtHnynnPyaT28FPtAEWydrWLLaRM417%252BXHz79SkOy8yZjJKKbvTs6TJaLdwfVibcbPoA%252FdZK1yQAxVYtEE%252Ft%252FHgepmXNk6fhfxXjBw%253D%253D%7Cclp%3A2334524%7Ctkp%3ABFBM3snQlepf&LH_BIN=1
https://www.ebay.com/itm/223992727602?_trkparms=ispr%3D1&hash=item342701c832%3Ag%3ARlYAAOSwJDZhad1y&amdata=enc%3AAQAGAAACoPYe5NmHp%252B2JMhMi7yxGiTJkPrKr5t53CooMSQt2orsSvtkx670Z0mbyfWqmxLFLYdSXUI9Bse3xe3YpsLm7rllduSVLKj55ntoaKaSQvx%252BVVrSj9OkmZxI3%252Fq8lOAiGswokcvos8GUEg1ABpl%252B6BR0Oa4NkYt%252BRSI95I0lewfaPEqEYeRDA1EgyZ2VPtqbZ3KS12Ap%252F9aFkDm4AoXbGkiIFkcDsB0aaV%252BTvROxxhZbDz6TZ69MiA4qfzbKjyYaIXJRaUFM9WaQ5rDjIYXJq6XRb24okKkm%252BHPZ50Jz3XkYV38ILt5AS5afNqtC8DJERB%252B29BGROJ0Z7sfAhs4SRptcQ6pNYanansi%252B97MlW5t4GjDJ9AwzUsLXG73Q88TxInpgxM3TQUDFIK9KDEQeLqqxvxMh9dMKmw0QiokP2NG3N2otXZvZaPrsu8HcHV%252Feip4gamvu%252BaNODSok7hNwr6AGLPLqnO1zDFdCVb9bp%252F9uga%252FRU3DQWBMQMlmmt5I10%252FNi5Ip4bsiNGv9tVJj7CaEa4ma6F9CPOuvQZMEK1DBMpeQG484Rkte8Rs2%252FB0rkFDkrp8Yr%252BCW7LLaDAlxc8qagO6VjuEHr5MsT7FVi9s4hbjJXUiYRNKrcfQfEI580%252FfGVaDRvCOypv82O1svvlCyhmhedjPIBqs%252BQkIANf5pT7jZAiu5aStnB%252FEtdGW1csbEKIxEgJimrT1r%252BBQ6C5weiOvGmZqZVBMl4r4SxDLQuaY2FFEwr0OeqHDGdcTd%252FH8dyJb2S1xOl%252FyOkKHU1KtwLVYswCvJTuP62u7%252Bz3dFmUpXnT2%252BZ2kdOzztp0Eged7iP38YX7b6E6v5tWlrliWNeEVV1FGZfMoSZBvm26PaKZhl4zuY890PQHbffaYLO7JA%253D%253D%7Cclp%3A2334524%7Ctkp%3ABFBM7OzQlepf&LH_BIN=1,2049
https://www.ebay.com/itm/165356232976?epid=14047400255&_trkparms=ispr%3D1&hash=item267fffe110%3Ag%3AjQAAAOSwkrVh9I6E&amdata=enc%3AAQAGAAACoPYe5NmHp%252B2JMhMi7yxGiTJkPrKr5t53CooMSQt2orsSLY2M1Gjmuwt9c03vWNfiRl1wuv86CENI8fx60w5%252FiYdzlqb35qAew%252BfYtNkEK%252BWAB5J3lJ91ulc0uyyrWbGzitV2VDZGeBfneDXx07kHtDV62x6XcSA9wzFCC2OiSSJgafSUwqHOM0Q5V89UZ3%252BIa1oUEoK8Nb7j5S9Id%252Bpxhlusf6%252FBxVZt4%252FP8Xneg2gK22UceUWBIYRHpLqBX6xO7nyfmLbS%252BpWH2T%252BeCjjn900c%252BmF%252BJiozA9i7vsI4LThB104KGXqHJY2oNjjzgCWdmGEriO2YjWTJZ%252FYbjLBFSsYW9ORhXPrTb%252BWlsVe2QeJOPXjs72iLhBNN%252BeZxUV5YMnIX3IWJwarddcVTIuIu2FkkeDgwGIupPOQYgrBlKisODphHAndcA%252FHRZ3RmshUpJ2b%252FppBeXcaFjbGRnz2E5fTKDaD72U1qQODAtm1nL5xIcwTZSIWznR6cklU3DUaqRcuL9GPSDoM6UYJXHRK96BuMiBfqia48Xrd5NnCPGa1I71wW%252FT9uEJwtc%252B7VAnwj%252Fm%252BMsbjk1OG2jmfqBd53moCPvutS3BmfnE8Ye9oMwYXidy8HJb1hZfz3PaNEUZbZBhqMtOwXKP41e1HJxd6NJLI%252FEmMyF1OqUpug7gpqMZADv%252BgEsJye9B7ojI%252BnQ9hsqvn2P%252FN7vPb53OZd7HFguYumSddfnn3kAqekO%252BR71qqd9oPIUqaJXFqBIk7SSIOiFzngcTt%252FGEKS9F1hGj2Z2uWAkjlzCDtaW8bNnvuDS5JchRHXQ%252FGJ%252Fpc2t%252BxuHZ2YNPO3%252FHPn%252B%252BfhdjLRpi9KGsX5DvsXG62sS6NbwKfe%252Bz2FRchxCWF07e9NipOf9SzhfOw%253D%253D%7Cclp%3A2334524%7Ctkp%3ABFBM7OzQlepf&LH_BIN=1,2098
https://www.ebay.com/itm/125178352942?epid=8049604187&hash=item1d2536152e%3Ag%3AD%7E4AAOSw5gxiH7nf&LH_BIN=1,1498
https://www.ebay.com/itm/275178022818?epid=14048860482&hash=item4011e367a2%3Ag%3A8EgAAOSwvBhiAiVL&LH_BIN=1,1875
https://www.ebay.com/itm/194868300995?epid=9048827134&hash=item2d5f0e4cc3%3Ag%3AJQUAAOSwU2JiFlfm&LH_BIN=1,1450
https://www.ebay.com/itm/185307882441?epid=8041888279&hash=item2b2535e3c9%3Ag%3A5A0AAOSw5iJiFFGQ&LH_BIN=1,1450
https://www.ebay.com/itm/265573799765?epid=16047875718&hash=item3dd56e9755%3Ag%3AyVwAAOSwmpliHnr-&LH_BIN=1,1589
https://www.ebay.com/itm/203839688221?epid=16051871423&hash=item2f75cace1d%3Ag%3AEZsAAOSwXSRiE-CN&LH_BIN=1,1574
https://www.ebay.com/itm/134033723011?hash=item1f35084e83%3Ag%3AvO0AAOSwi9hhzgOf&LH_BIN=1,1455
https://www.ebay.com/itm/165365345837?epid=2318924111&hash=item26808aee2d%3Ag%3AqXEAAOSwEm9iIMls&LH_BIN=1,2200
https://www.ebay.com/itm/154876627143?epid=2318924111&hash=item240f5dc8c7%3Ag%3AwE4AAOSwoQ9hz0Eu&LH_BIN=1,2495
https://www.ebay.com/itm/144441296297?hash=item21a15f45a9%3Ag%3A9XAAAOSw0UhiH5hL&LH_BIN=1,1499
https://www.ebay.com/itm/325069547740?epid=16051871423&hash=item4bafa7a8dc%3Ag%3AFKcAAOSwJjdiF8l7&LH_BIN=1,1549
https://www.ebay.com/itm/224818752958?epid=25049061883&_trkparms=ispr%3D1&hash=item34583dedbe%3Ag%3Ac24AAOSwlBFh-XJN&amdata=enc%3AAQAGAAACoPYe5NmHp%252B2JMhMi7yxGiTJkPrKr5t53CooMSQt2orsSvtkx670Z0mbyfWqmxLFLYXIO7mPwLwTrx2q9run%252BWjgOP%252BGpjWG1fF%252FhwsYJldWxy%252Fscn4%252FiwLOf034kw1%252BbfZl4p8aKXAtI8VQolc4zRdz2hEHyJJKxLHyj7J6aa4pZIbW1TLxVLFUb2rlxsl%252FR84BuKuFDYBj27E8m0m%252FBBxePZ7MAXOBgMKLZqB1BZ%252BqMoSWEETl5KwgRwuG2fhU91Wa4uB1unyDXCpncOAIa%252FmLEEiLBfE1HmWWqdtU1q1%252F2qnrt2IEd2zsVAIMGJ1qYmNKtuH3vWQ5n41LWBnCwR04jyV6cIfllXmgVNWKp7unlMyFHz7EFxKnqz4W7Oob3FmmQBZnMJgdse1lR9KuqjCCFqOYndamKGfWbVXC2fS4mpqMoyXdni2X2ygAgltnN2Pac3%252FV2Nbs4Mi%252BH2rAgsDTg1j73XC1aNmQxrF5dz79HJmJJYuX8FIswqjYjj3V0kDNsQxHqspcpad6bbJDus5cHBv%252FA3ZYiabs9y5N%252BG04s266XYjFIiJnn5DYmlRVDMW4RVnvHmhsYkR1E%252BNt393vks8OYErmAXjnFXM6EPaXO20w9cpoAbtQLhF2vuaJp12ojbe%252BkSumnYiH2hm%252BaAx4KrUfcC9ycXdOFEAHbflZIGZJz0AucbpSIgGeo3s%252FIxkgUUG%252Fsg34q89R06FtPWi%252BR6bPDke%252FQxa0ZkbU71aGDnAIRZp6FsSLCIcCdkWjGlVMrONpkmGPvMlA5VjoLYN4LILLQG1ZCQGAdewKtSnbE2siBV0r3uqBWlJnAhfRpCHmH%252FGGO0PCmIzqlNEb6TdMY2ur6MRyPMp96MPzrqRDgQS5MBz6%252BLWk%252FkxwhzsfwKw%253D%253D%7Cclp%3A2334524%7Ctkp%3ABFBM7OzQlepf&LH_BIN=1,1649
https://www.ebay.com/itm/194869183356?epid=18050635688&_trkparms=ispr%3D1&hash=item2d5f1bc37c%3Ag%3A-HkAAOSwntBiFsRm&amdata=enc%3AAQAGAAACoPYe5NmHp%252B2JMhMi7yxGiTJkPrKr5t53CooMSQt2orsSd3M8ngECaRA0SmyU4KT%252Fnm1ou2OR9LkhSx9IYhBsDUWdko1jlOLPGWZJ3Gem0OH8JlXi9oR6WXSfaFvmDC8yhlIqpsXUzXyJsz8t0InnuIY2idbWjpYyMfuCBJewWBpytiKCnWN1pSFGcroevmR2vCnssnRjB6zw%252BuymGASRaNVEM4xugKIITO1%252FCEcLPqDC61yP0Ui09FdBz3mMpa9HZqGeGrmFByayPj6jdqFE0pqfxyC3mqlHNzPsQjASxkdaq02kdVdWBCLE89ydcUSyh7qyp3L9zBqQAKoCnWZ1q31WEm%252BempxKgVBPfAauVD5z9fSOHKJZOKDw%252FMcYTpmPjay7J9%252BXW5AGytLGDW2LXjXzmlkLLoTXOg3Hj%252BkHptupHfhPrZuUzkg4MD3JdlWAa5pQTC1vP39hvHPHn4em6rx%252F2GohRIa%252FLi939l3lSSfmCi3z2h6Wz%252FaerGSZ5GDCYuXZpmYfFPwJ9ygxHbf%252B1pQdJ6zK1mBHlzfkVX9iPy2rs%252BK9pf%252FxLRNW1hc%252Fd0IheU4FX87kjE0KLNGun%252BuPbBTRIuoUWT%252B25dOvn%252BHLFGqR%252FrvyU2a1VdUCLWqm7ocm8LKPA7acYtXdmf8mbWfwJznYzm1cXFQ24UMQk%252Bx66DMSoiVsS3xEAIkglekbB3QC%252FrUbrO9oljX42XneL6%252B3wGZTIzsOj%252FJK%252F8vS6c9f3K89mKf29ztTZ7ZzjG7UGh%252B3k%252FeX8jZnIfjJwLbA2jboC7j7JdBgFthy85X7yQjMjiLjX1m%252B%252F7P%252BseCjQS6hYbYiWh191nGYkjsntwM7MxyNk4a5Jl%252Fc3uj6HC2v5WljA7X%252BqJEzp3bkpZJ1NdDAqtf69A%253D%253D%7Cclp%3A2334524%7Ctkp%3ABFBM7OzQlepf&LH_BIN=1,1440
https://www.ebay.com/itm/275098257815?_trkparms=ispr%3D1&hash=item400d224997%3Ag%3A8h8AAOSwXAVh2eGg&amdata=enc%3AAQAGAAACoPYe5NmHp%252B2JMhMi7yxGiTJkPrKr5t53CooMSQt2orsSlHY%252FYTip4QFVjNQrCEJt6lZr8%252BkKhACJ6b%252FO75iRsJcSfpeppNCBSuBdZwIkg0keQ6s89xMFoFo%252F6VelgnvQUAdnRJfSyzWJheOCcDfcazDrOfVgASpyqkymtnjjVddqMPQAiGNIcdTxLBGIKxTB5bRIYc0ay9I0iUEiP0dlrrR2L9hoZSx7WZLeHUQ1u79qB49WDx5txQYeBunTvmd2mkHERy5aW6IQP7ve%252Fa5611X58kUdsCDUYhnPhihWSjM5kPDiVADuk%252Fw8AgPjetHU4%252BluGWnN2zA%252FXiuotSytRdhsXjUPX91z1UvQxf%252FKzaL6LUu%252BPb8NeCQREHVjTlgxLeItrHr8yMMDP6LIeoec7YpM%252BqehZicKW75gQqgSOyblmK9ctRwP%252BWK%252Bg3RVMLeHXBPrGPKBLAJrTRDNi8NHqxa4hNcXG0gJjj31JrKx615VHUz9uyg6eQ608MTGe2LqmnDPcrhJv2tBf3IeQ6%252FzrzP6Bn3hB1sVlGX3oCBDHUxQMXQlKEqeE84S8iozg1aGRogPub8qiw0XEcoWnpumt3ByOh78xp9wP08TXhgROcA0bc4PEB5ekMnLcM6v%252Fsi2v1sR8KQJfO6H2MAVj2D2POWZuUmVym8%252Bga7IANuMfGZS1LQVls5jpG4Mbizlw%252B3lWwgEn2mwBm8EwbufNsxmkZPalRKVVvKvRKS%252FBBT99SjxyW7k%252BidBh%252FKlFxSNjuJBsis5tAmSbcrQwaUpVVSLN%252B2my4mTfrg%252FXarNF9KivFK0sEas4%252BP2HL2BtXyNjj%252FtBW2W0cSe4IvgdNp9JRfUvIvusJXuJz4AccCWeumzPiQZlmkApGawoAx00pp6vGNogg%253D%253D%7Cclp%3A2334524%7Ctkp%3ABFBM7OzQlepf&LH_BIN=1,1900
https://www.ebay.com/itm/175163998141?hash=item28c8967fbd%3Ag%3Aog0AAOSwW4ViDwPS&LH_BIN=1,1650
https://www.ebay.com/itm/275187783418?hash=item40127856fa%3Ag%3AkkAAAOSw6qxiHOIn&LH_BIN=1,1449
https://www.ebay.com/itm/265553810474?epid=5047700639&hash=item3dd43d942a%3Ag%3A7OEAAOSwpA1iDh1p&LH_BIN=1,1888
https://www.ebay.com/itm/224851260672?epid=9048827134&hash=item345a2df500%3Ag%3A%7Ei8AAOSwIIJiFQw5&LH_BIN=1,1349
https://www.ebay.com/itm/165356602721?epid=14048860482&hash=item2680058561%3Ag%3A21cAAOSwn51h-Gwr&LH_BIN=1,1800
https://www.ebay.com/itm/125180101875?epid=10041887790&hash=item1d2550c4f3%3Ag%3ARdsAAOSwxodh5UwH&LH_BIN=1,1439
https://www.ebay.com/itm/334314475477?epid=8049604187&hash=item4dd6b20fd5%3Ag%3AalEAAOSwn0Zh-qZj&LH_BIN=1,1400
https://www.ebay.com/itm/304373347501?epid=8049604187&hash=item46de10b4ad%3Ag%3A%7Eu8AAOSwhmpiEdPk&LH_BIN=1,1300
https://www.ebay.com/itm/165324301427?epid=9048827134&hash=item267e18a473%3Ag%3AEsYAAOSwb19h80iF&LH_BIN=1,1475
https://www.ebay.com/itm/403445243511?epid=7047696774&hash=item5def35de77%3Ag%3AG%7EwAAOSwWr5h-X9p&LH_BIN=1,1599
https://www.ebay.com/itm/325081189264?epid=3050210677&hash=item4bb0594b90%3Ag%3AEO8AAOSwXVRiEuOA&LH_BIN=1,1250
https://www.ebay.com/itm/115265199536?epid=14047400255&hash=item1ad6575db0%3Ag%3A%7Ec0AAOSwqdhiFqUC&LH_BIN=1,2149
https://www.ebay.com/itm/265527515766?epid=12052120960&_trkparms=ispr%3D1&hash=item3dd2ac5a76%3Ag%3AOD4AAOSwBPph-D%7Ex&amdata=enc%3AAQAGAAACoPYe5NmHp%252B2JMhMi7yxGiTJkPrKr5t53CooMSQt2orsStdebXPz4ZTXCT8FI9kPBh7XXDI8Gah%252F5nBwQttGGw1MhMWZLlw4SBaDAEh183tVhq5XjMrcjiCHmXetykNUKmT2Z%252BAicwycSPli%252FWIJb4Eq66lVLzdufBCInfkCAYUfdibg3cJ5d0BUnwo1GaOz1r1sMGgI5w%252BZHRE8%252BP60QpG23F5ELsnNFdr%252BuNzjpbls6AD3nBK8BsX8ktV318XA%252F1%252BCdaWXOH9dJXln1o2HSKi6b7b2AhiaeJ%252FxgR46eA49Z3VRMG0ABiIaq%252BrJZxqHZ29Q7Vw5v1qRTF49L%252Blm1HmpjBcW8VCRhgRYfKJwiW2bQ7esoSFW%252BmF%252BIIZJd7e%252BSj4ZNS8%252F5g9iOpKG3LEmeYBnXsmMDbwBPocKL7SjOwAbpF9GvFlxEVFXN8ivJuc3PjBauBXnCsZwzZpFBpQmSHXrwlXbcY1RnO2m2U8x1GxacgcUc2MaIqCu01gyxBBy0m1cgbeYoeAy%252FIHXy7W6BSGor7jDpLHUC44EfDJhzJsHJ9nGz8vnG8fcSfHC8ra%252Fn1dspds5HLBbXiR7%252Fpdg3h0lD0%252F%252BuOSuqAkYVXMyW4jmaqR%252FCmoV0XB0QnpTESkPbMFlgO8gLbXswEDoTV66hhWK3EcM0Af6eFynmxecsNtROjjkxGE5aPF1ITeqy0z8V5eYn2QFS7cY1K8IIPiJmJ%252FKLNh%252BWarvuOL1lTEiitwnOI9u6bj08dT9VnCzV4nbVvnpZgtTQ0f1aeg%252B7eldbr8aqxUUVLi3kGmcM89azZwqwIirjvRUnCFTNu9nJZl7jkb%252FbeNiL4CF63KaWl53ssedfVeyp0EzuB3kYjQnytgmKqg6LxDYGBC3OjT5i%252FKPB9Q%253D%253D%7Cclp%3A2334524%7Ctkp%3ABFBM7uzQlepf&LH_BIN=1,1665
https://www.ebay.com/itm/265575513733?epid=3050210677&_trkparms=ispr%3D1&hash=item3dd588be85%3Ag%3AnKMAAOSwyshiH6e%7E&amdata=enc%3AAQAGAAACoPYe5NmHp%252B2JMhMi7yxGiTJkPrKr5t53CooMSQt2orsStdebXPz4ZTXCT8FI9kPBh5kA1uYXFb10vATTfbBpP56UUJ0TbnC%252BZCV56xWZJhId9UiRda5%252BW0sCNsrV8ziQccpgFqryO%252F9V0mqtqb%252BVnbjK0ObvcwbUtKHuwMGba4bKoGICLFFFfLPh%252FYtQBzlqm0bgeYnONVd%252FwETBhHuMj7hKOqUIpGWpVwNupp22j%252FetO36DVQ81kcex%252FNrLUx1S96M%252BPYsrbal2GfyJUAiZa26xB4Dusyo%252FNAq9T%252FdSg8OY1oTar9ONQg9zz%252FeUKLOufdDgRkl9d%252B75YrEnnVwmdQbpmPSwm5KdC0aaCQR%252Bp2WDlzflzK%252FILQldpZni2UEmzSYLjody1hNs29mDaK9RCEck7hDG5U%252BgxRv8cQySDYhmWsnGsPri%252BaoE4IBLEyznbgQwwGxTLnqsDyBlHJ26fzLlr9XToPpg%252Ftxv3%252F5C0pchboFzBp5Js8cQf7IYMjPvTISlLeJOOfFbJZMYGQStdrXUZ5ezGo5knj7JkIDgbbT5DB1o%252Bo%252FdMyqj3RKzpzihWrgbnlgcpevIBQnIRnXTWn9Zov3g0n1%252BhVGcRb3XXL38DIJHlmo81Jsp8IO7HilLlsWuHLF%252BU0vlhA%252FEQOeGyb%252Fuqfd0RbA9KRjpLPsi%252BZBmLwNT3MnAGyf1tQiNKoey9ENVLbAA5upy9eega1yWZRJWshuarCuc9OluL7t8sW5GkVpvYGp8Kso%252F7Tcd%252FR2ThZo2gG9qfeNuCypTY9oEPt24TztKIT4jMHOlWZGUg5TqVMXQ%252B11aodZI5Yh7hlhHO5yMQs1ScrVR8fd%252FMkn%252BUxZqt8krU3YZV8p5UwTng%252F0KY5ZdSFc%252BcsTOvPYW4EWQpw%253D%253D%7Cclp%3A2334524%7Ctkp%3ABFBM7uzQlepf&LH_BIN=1,1279
https://www.ebay.com/itm/255403981525?hash=item3b77437ad5%3Ag%3Av1AAAOSwAdNiGDJo&LH_BIN=1,1475
https://www.ebay.com/itm/363748204169?epid=25043419851&hash=item54b1151e89%3Ag%3AchcAAOSwVRhiHpUa&LH_BIN=1,1850
https://www.ebay.com/itm/284669873340?hash=item4247a58cbc%3Ag%3AeA8AAOSwY8ViGPsA&LH_BIN=1,912
https://www.ebay.com/itm/255387281117?epid=18048536669&hash=item3b7644a6dd%3Ag%3AlvQAAOSw89dhkmQ5&LH_BIN=1,1439
https://www.ebay.com/itm/294821291608?epid=11052095001&hash=item44a4b7e658%3Ag%3APqoAAOSwlCZiEC6o&LH_BIN=1,1500
https://www.ebay.com/itm/194863007379?epid=4040934334&hash=item2d5ebd8693%3Ag%3AHA0AAOSwrjliFEZf&LH_BIN=1,1399
https://www.ebay.com/itm/133959215334?hash=item1f309768e6%3Ag%3A-%7E8AAOSwmehhsirm&LH_BIN=1,850
https://www.ebay.com/itm/134030363572?hash=item1f34d50bb4%3Ag%3A1tgAAOSwC6NiDBCo&LH_BIN=1,1598
https://www.ebay.com/itm/265557905085?epid=22050522124&_trkparms=ispr%3D1&hash=item3dd47c0ebd%3Ag%3AIkEAAOSwWLFiEYQ9&amdata=enc%3AAQAGAAACoPYe5NmHp%252B2JMhMi7yxGiTJkPrKr5t53CooMSQt2orsStdebXPz4ZTXCT8FI9kPBh5MQnZ28UXwlmglCr5n3XySq2Np%252F0aOjVg2S1j%252FBoUicnU4mt%252BYx%252BzOK0%252BXldElxDBcwe6O6SYMrUK39P5thx8gEpf%252Bk%252B33tZT%252BDhX7%252BtReM87GJhx9TZAKBgvlk457hsXy9P02SIhnaAfgpBS4H8I%252F4w8qcRhCd7dKKYfw6wYrvWMZM9eXvdKX9tiHXWk2L%252BD1HXNUn81dlL7BqgA7ALgO%252BWQfSoQoR7Mgs%252BPNEOcxHN%252FCSHUZXWx7IiXpGtPAxwvZE1H11UGCDgb7KIaR0L7hHiVTIcR4YVN2%252FIKmgUCsPLSkkZIPyTed05CTkhV0N%252FORJdDCJ1HqC9GMZCwEDR%252BjwJhdO7mXQJKjm8B35fZXmtF4%252BIiBPt2MttEMZcFNw%252BYdT5KAz6D2B%252BjhTCsmkAPF9Kzi6xqZIaQoNeQkX4vo1AHUvOLFpClfThOXeHuF6EnZuEQFzJsZ8kxkpniHka6HpJkQsZ%252FRp8Cd%252BaF956l4pnHTFUjSZihNQPxhjSyK6DzoBkv6h5QK4csFRBL32CSGK5vcFIf01cRl7X%252FN8sz5KkvNfWnaT6sNJ3%252FGBDdt0go4cebjV7yZGBsdaq4H2sCROHCaAmWyoGQxR%252BxjEpsXKcCPwfMDfjL0k3WQxo35POQ%252F%252BNmzwKDa0LpdNDJr8P2BKQ%252BLHe2%252FPeXiDUWsssRqLYBJCoksUs%252Flizlct4l1Xs1vjsXpkWaY%252BbhIO4k7u9Zvv51vG8%252FFXavKfEzI7Dizo%252FqOIfIQSW3ZBxVdzyehQtjDw8MzUb5e8zpwXenTcJPDbzDeqdUHKuAwBWYj5g9mnd7w4Flkc7Pb3sTHUGa%252FD7w%253D%253D%7Cclp%3A2334524%7Ctkp%3ABFBM7uzQlepf&LH_BIN=1,1669
https://www.ebay.com/itm/403493079975?epid=16047875718&hash=item5df20fcba7%3Ag%3AlRIAAOSwPnBiFUdI&LH_BIN=1,1600
https://www.ebay.com/itm/185319717698?epid=6040750113&hash=item2b25ea7b42%3Ag%3AsAgAAOSw0uViHYYi&LH_BIN=1,1500
https://www.ebay.com/itm/203714231502?hash=item2f6e507cce%3Ag%3AIRQAAOSwsGFhnXuW&LH_BIN=1,1729
https://www.ebay.com/itm/304380750182?epid=7047696774&hash=item46de81a966%3Ag%3AqlsAAOSw3NpiIDwI&LH_BIN=1,1759
https://www.ebay.com/itm/154856258204?epid=28052041621&hash=item240e26fa9c%3Ag%3A0NEAAOSwkIdiD9nE&LH_BIN=1,1619
https://www.ebay.com/itm/115168612455?epid=16047875718&hash=item1ad0959067%3Ag%3Ao8QAAOSwReBh07B1&LH_BIN=1,1529
https://www.ebay.com/itm/203785006082?epid=10047695825&hash=item2f72886c02%3Ag%3A9fwAAOSwyjFh-6S7&LH_BIN=1,1889
https://www.ebay.com/itm/234424050297?epid=8049604187&hash=item3694c32279%3Ag%3Aic8AAOSwig1iAKAJ&LH_BIN=1,1500
https://www.ebay.com/itm/154873211799?epid=17049061528&hash=item240f29ab97%3Ag%3ArdgAAOSwSPhiG-rP&LH_BIN=1,1499
https://www.ebay.com/itm/384752454887?hash=item5995088ce7%3Ag%3ACuoAAOSwsFJiF%7Eck&LH_BIN=1,1700
https://www.ebay.com/itm/224865866229?epid=2318924111&hash=item345b0cd1f5%3Ag%3AVskAAOSwER1h5ihx&LH_BIN=1,3419
https://www.ebay.com/itm/294780600727?hash=item44a24b0197%3Ag%3A6iUAAOSw1dBiAfi6&LH_BIN=1,1700
https://www.ebay.com/itm/134027650888?hash=item1f34aba748%3Ag%3AyfsAAOSwWmliDrgF&LH_BIN=1,1698
https://www.ebay.com/itm/154877901915?hash=item240f713c5b%3Ag%3AjEoAAOSwidFhy9m6&LH_BIN=1,1999
https://www.ebay.com/itm/284667207112?hash=item42477cddc8%3Ag%3AHPYAAOSw74BiCm8e&LH_BIN=1,1716
https://www.ebay.com/itm/175161805280?epid=8041888279&hash=item28c87509e0%3Ag%3AegkAAOSwS8diDTrH&LH_BIN=1,1499
https://www.ebay.com/itm/265545306674?epid=22043275363&hash=item3dd3bbd232%3Ag%3ATn0AAOSwjSFiBskC&LH_BIN=1,1800
https://www.ebay.com/itm/275183380276?epid=2318498487&hash=item4012352734%3Ag%3AE5MAAOSw3nViGOPT&LH_BIN=1,1499
https://www.ebay.com/itm/284484389089?hash=item423c9748e1%3Ag%3A5IUAAOSw5mdhuiFV&LH_BIN=1,1900
https://www.ebay.com/itm/134038899323?epid=7047696774&_trkparms=ispr%3D1&hash=item1f35574a7b%3Ag%3A5DwAAOSwxkhh0y%7Eg&amdata=enc%3AAQAGAAACoPYe5NmHp%252B2JMhMi7yxGiTJkPrKr5t53CooMSQt2orsSHYXPhGXR5uguexJBeHwfgdxR8EAOy2wAYELF128mvKdCcd9e5K5Y%252Fu3pHsxdPh8B%252FrjmDInemexygszJK0EKwjQiyDoRXDSgdgHHA3AeotaoeApyfb0SDO%252F8pbRiFTQhaS8DBuv9O9kNrPrxsihT9R4KLp%252BvEieVWLHiot0Tio25kgb61X5odocyv19elC4WDuvuo2jr23iEKeOBImkcD7XVaxVuVINRbdUIewkJcIGvJLCPXK0eRYfBxAciu5nqGVh7fQs2JASR7afrrFzXIH3ye%252BPlsA1uYZJBgReEcyqUG4jrWUEMwH7Ox6noIseJupx6idmzcgZryftJJhPwdda6wiWwTv0KfJrup9nnBbMg67b9jujTz34Qh%252Bjzn9zA5%252FVFJtDn4wItogGnGFm9e0i83Gny99DENZA1dtDJCGNR8ayb4CbdN6%252FKYNjzBg1Zrg59crpxzHGg5tRhcuDkH99ykYrPAPVsh0oIs1EKGQb8IZzDAtA%252FpTS78oQTGgTm61gSju4X4U3jqKWHimCg%252FS%252FhpDZ1u8L8jDCVcpuznkGHI9n6Di179yUb%252FP5W07IDhMjWPpYfdpab%252F2o6s9scKPI9RRXuk036emd6iYI3YL%252BQder0KDqEmCzibp6GcT3WczcFrR91DMJ8QHcCsWPcrFngxhYTki9%252BUSP9q4Ej8pBPk01E4TyTD2c6N4Mj74qlarHXoYwcVAF8oeYnsFPpkgYQ3%252F%252FWa4L0cgrj6JVKYDXzsqf1Jr%252FmyhtVc%252BfNwDgBrM5wK%252B58SwPWnS%252F7lxgoO8zruoyz5p57j%252BTxI11ThKG6H3SD7HjsVLvksmMrq4udmRNeP7fzVjonQa0P16Ub6w%253D%253D%7Cclp%3A2334524%7Ctkp%3ABFBM7uzQlepf&LH_BIN=1,1999
https://www.ebay.com/itm/224850382475?epid=3050210677&_trkparms=ispr%3D1&hash=item345a208e8b%3Ag%3AcY0AAOSwLlJiFEmq&amdata=enc%3AAQAGAAACoPYe5NmHp%252B2JMhMi7yxGiTJkPrKr5t53CooMSQt2orsSvtkx670Z0mbyfWqmxLFLYetrIqMUkLy3%252BS%252B7nkhRpFLFj1UuW%252B6qi4GKjNKwzE0iaoqaJRESnNfilQscY11CaBec2U%252BpbgYJiTKc6Unm%252B7Lxhm7aPvxJVZsMdkWc8kHlYG3puCGmv3lwst443%252F%252Fmu6uyWmzzyfCAp4OXoLx9jTIiph4ARXDTZyuJvYDLgJ2bFZaOaxVWYZkm4IIv0aNrGOzaL3jkOa2fMZ%252BrhZDbJO0O1o4qdN3HOkbKJrFZW896B2cgvPVrC1sqQrzxkY57CRO6C3RTD4HTnP7wsfx1ktTA5U1wuP2tXAdyFM0%252B2gbba2hyk5YuDWsqCFsIiqcZ4KHIciOLcqdN4V0DfvWaoq7JKFtOt5PQi1E0fXc5aLiGgn5IOu430LObdapTWRA5DYT%252FlpGdq919e6Y0uMRZS4Yh6xXUtfRXXNBVaFhh5bkm3VWhkq6i3MJbGcJzjrFt4HanOjsH4XzjSKwrq99S5mW7PK9z0zsaeS6D2OpxudbwqrzJo%252Bgilgy4TAPh7GhD4u1oXNGt6ZK5t192j8jkY1l3mjkRKtQd2T2wA%252FZq1BmK6ydcb0kQvlvmDbWoM68tyN3wyd08%252BaIMEDFbRjwqCsJZZrEj3iHxdfOb4zG6mc%252BjiTCnlcEzfpr0ZBs%252BddGwguuqDaCapO%252FCaf0cn%252BqkWjSkk4k9%252Bb7VA5%252Fw2ijcQsFDsBZ5IUUqNEzx9DkK%252BfO%252B%252F0BgvgwiwK%252FGjnjylWSgsFIIccFAclEmzS8ITsFeKe9m5jJ%252Bdp7VjNVBAhMKWaRHqzjObGCNi%252BKZQLhZuMKllKfy3tuGkiUWNJ%252FnSndmmlFyMTHBCHltckOxkw9GZLzSsA%253D%253D%7Cclp%3A2334524%7Ctkp%3ABFBM7uzQlepf&LH_BIN=1,1315
https://www.ebay.com/itm/224850382475?epid=3050210677&_trkparms=ispr%3D1&hash=item345a208e8b%3Ag%3AcY0AAOSwLlJiFEmq&amdata=enc%3AAQAGAAACoPYe5NmHp%252B2JMhMi7yxGiTJkPrKr5t53CooMSQt2orsSvtkx670Z0mbyfWqmxLFLYetrIqMUkLy3%252BS%252B7nkhRpFLFj1UuW%252B6qi4GKjNKwzE0iaoqaJRESnNfilQscY11CaBec2U%252BpbgYJiTKc6Unm%252B7Lxhm7aPvxJVZsMdkWc8kHlYG3puCGmv3lwst443%252F%252Fmu6uyWmzzyfCAp4OXoLx9jTIiph4ARXDTZyuJvYDLgJ2bFZaOaxVWYZkm4IIv0aNrGOzaL3jkOa2fMZ%252BrhZDbJO0O1o4qdN3HOkbKJrFZW896B2cgvPVrC1sqQrzxkY57CRO6C3RTD4HTnP7wsfx1ktTA5U1wuP2tXAdyFM0%252B2gbba2hyk5YuDWsqCFsIiqcZ4KHIciOLcqdN4V0DfvWaoq7JKFtOt5PQi1E0fXc5aLiGgn5IOu430LObdapTWRA5DYT%252FlpGdq919e6Y0uMRZS4Yh6xXUtfRXXNBVaFhh5bkm3VWhkq6i3MJbGcJzjrFt4HanOjsH4XzjSKwrq99S5mW7PK9z0zsaeS6D2OpxudbwqrzJo%252Bgilgy4TAPh7GhD4u1oXNGt6ZK5t192j8jkY1l3mjkRKtQd2T2wA%252FZq1BmK6ydcb0kQvlvmDbWoM68tyN3wyd08%252BaIMEDFbRjwqCsJZZrEj3iHxdfOb4zG6mc%252BjiTCnlcEzfpr0ZBs%252BddGwguuqDaCapO%252FCaf0cn%252BqkWjSkk4k9%252Bb7VA5%252Fw2ijcQsFDsBZ5IUUqNEzx9DkK%252BfO%252B%252F0BgvgwiwK%252FGjnjylWSgsFIIccFAclEmzS8ITsFeKe9m5jJ%252Bdp7VjNVBAhMKWaRHqzjObGCNi%252BKZQLhZuMKllKfy3tuGkiUWNJ%252FnSndmmlFyMTHBCHltckOxkw9GZLzSsA%253D%253D%7Cclp%3A2334524%7Ctkp%3ABFBM7uzQlepf&LH_BIN=1
https://www.ebay.com/itm/373955151381?hash=item571176c615%3Ag%3AFiwAAOSw6KdiHc2I&LH_BIN=1,1899
https://www.ebay.com/itm/284667306069?epid=9049155160&hash=item42477e6055%3Ag%3AkQoAAOSwHPFiFrMu&LH_BIN=1,1399
https://www.ebay.com/itm/114963284965?epid=17049061528&hash=item1ac45883e5%3Ag%3AZyMAAOSwNrNgkB4I&LH_BIN=1,1371
https://www.ebay.com/itm/154858289188?hash=item240e45f824%3Ag%3A%7E6AAAOSwI%7EpiEVdb&LH_BIN=1,1575
https://www.ebay.com/itm/265539263133?hash=item3dd35f9a9d%3Ag%3AU6UAAOSwxDdiAe8v&LH_BIN=1,1825
https://www.ebay.com/itm/265568629974?hash=item3dd51fb4d6%3Ag%3AX9sAAOSw4AhiFdO2&LH_BIN=1,1675
https://www.ebay.com/itm/384753899441?epid=0&hash=item59951e97b1%3Ag%3ASDYAAOSwDWZiGSOc&LH_BIN=1,1749
https://www.ebay.com/itm/224848819911?epid=4040934334&hash=item345a08b6c7%3Ag%3ALu4AAOSwGAViEwJ9&LH_BIN=1,1599
https://www.ebay.com/itm/393909488071?epid=5047700639&hash=item5bb6d5c9c7%3Ag%3AB88AAOSwm6xh-c0i&LH_BIN=1,1950
https://www.ebay.com/itm/134034712745?epid=9050201395&hash=item1f351768a9%3Ag%3ANY4AAOSwujVhiUBf&LH_BIN=1,1600
https://www.ebay.com/itm/294781327281?epid=9040736961&hash=item44a25617b1%3Ag%3APsYAAOSwWU9h9hlE&LH_BIN=1,1900
https://www.ebay.com/itm/185304201094?epid=4040934334&hash=item2b24fdb786%3Ag%3AYz8AAOSw%7EAliEZmG&LH_BIN=1,1650
https://www.ebay.com/itm/275173954641?epid=4040934334&hash=item4011a55451%3Ag%3Ay3AAAOSwEidiEBrh&LH_BIN=1,1420
https://www.ebay.com/itm/265566981786?epid=16050199516&hash=item3dd5068e9a%3Ag%3AnQwAAOSwF2piBsRm&LH_BIN=1,1855
https://www.ebay.com/itm/125158607729?epid=13048643312&hash=item1d2408cb71%3Ag%3A1RcAAOSwnQRiEbS8&LH_BIN=1,1950
https://www.ebay.com/itm/224862546462?hash=item345ada2a1e%3Ag%3AAJYAAOSw0ZFiD-F5&LH_BIN=1,1799
https://www.ebay.com/itm/224857733951?epid=12047868671&hash=item345a90bb3f%3Ag%3ApJQAAOSwsphiGl%7E4&LH_BIN=1,2079
https://www.ebay.com/itm/284678072714?epid=8049604187&hash=item424822a98a%3Ag%3AT-wAAOSwanpiHGdm&LH_BIN=1,1449
https://www.ebay.com/itm/165357221248?epid=26047412070&hash=item26800ef580%3Ag%3AXp8AAOSwjJJh9X-c&LH_BIN=1,1829
https://www.ebay.com/itm/325059779598?hash=item4baf129c0e%3Ag%3A3coAAOSwoK5iEWpe&LH_BIN=1,1599
https://www.ebay.com/itm/125178684150?epid=2318924111&hash=item1d253b22f6%3Ag%3A-JUAAOSwuc9iH-k2&LH_BIN=1,2499
https://www.ebay.com/itm/334343704625?hash=item4dd8701031%3Ag%3AqH0AAOSw9ehiGTYM&LH_BIN=1,1574
https://www.ebay.com/itm/325033077611?epid=9048827134&hash=item4bad7b2b6b%3Ag%3Aq%7EEAAOSwUK5h%7Ebyb&LH_BIN=1,1599
https://www.ebay.com/itm/224833616787?epid=10048145285&hash=item345920bb93%3Ag%3AJh0AAOSwb4Rh6J55&LH_BIN=1,1462
https://www.ebay.com/itm/203629256357?hash=item2f693fdea5%3Ag%3ArF8AAOSw1BlhUfrW&LH_BIN=1,1696
https://www.ebay.com/itm/325080543926?epid=21047697823&hash=item4bb04f72b6%3Ag%3AzOUAAOSwm21iGZXp&LH_BIN=1,1899
https://www.ebay.com/itm/234442565039?hash=item3695dda5af%3Ag%3AC58AAOSwIRhiG6H8&LH_BIN=1,1999
https://www.ebay.com/itm/265563816131?epid=16047875718&hash=item3dd4d640c3%3Ag%3AFIsAAOSwc19iFmgZ&LH_BIN=1,1785
https://www.ebay.com/itm/165351073899?epid=28052041621&_trkparms=ispr%3D1&hash=item267fb1286b%3Ag%3A4WwAAOSwnLFiFX2X&amdata=enc%3AAQAGAAACoPYe5NmHp%252B2JMhMi7yxGiTJkPrKr5t53CooMSQt2orsSLY2M1Gjmuwt9c03vWNfiRr5Ceq3ZMOP4M12WNDHWS%252Fgv1N3anqMYu6pLAm%252Bpxx555d%252FXAETAziGYzIZiHjRbCd%252ByXF%252BVc7zb4C8CaLYqfqb3%252B8atk0sIt8ZcnWW4k2BaCGFd5h84KW6K%252B2rcCIp4fJassmebQKe6kpy9I76BdM0PlejYQiYwVW91v9ZsIpzjM%252FzZkJqO5D7%252FbcTPhCvfP7KideX0jUokFDAhVUeqKzzXoSttMBo%252F7cyps48wrmlhwZeAarnUhKJNnYEbomXD9riy7ZISu8Vi3sKghqAzjHBJNtD5JZ%252FGar%252Bu2Qw3ZufoBWHE%252BGuwvsNbKvwyngMiOpBkFdvEYyIImcyB5aWPYIztU0Hu6r7rK5locwV431dXjrXGx8zl9WfCXvAFAHlOhiD1t47pFrPRIioGdrYXzAjRHNQWCfIBMO675baksGeJC5oyloJqKUVcJhUVMEAXf8gCzEpHa8xbuJycd1JqhpcWfgU1nJct59w19tKQAs5P1dAheJ94BclupTpfT6HfvOOql6pP0LBlSjK8%252BbXjZerMbgFMDQNPjZZr1nelTxi14pR6tpaQs%252BXRieht7eGfn8qqV7Hy6KrH49K972B8rDrRgRktkep5ZuGsd%252BCtHUPv8xkPxoFdxfl1WBkNSX4wqNvuXEi5%252FuV6R0agFhRNdWPDRzqqBqWjC5CX9Fxx6CH2vqSvo%252FrM7ZGkObUulvMXeAF352H1HoVK86HE8ht0BvGgLJ6xYo2WrFI4x%252FTlSkAN9pyCu0UE4veDUuGXFnxe%252F8B79Xk%252FgDdlcqDT6q4%252B9zF9NRoC1Lac3Klbr19fc3a0GjBqRjFJSqT1VzMk8A%252BQ%252Fg%253D%253D%7Cclp%3A2334524%7Ctkp%3ABFBM6PzQlepf&LH_BIN=1,1700
https://www.ebay.com/itm/165360484928?epid=6052110031&_trkparms=ispr%3D1&hash=item268040c240%3Ag%3ATUsAAOSwfFNiHSS8&amdata=enc%3AAQAGAAACoPYe5NmHp%252B2JMhMi7yxGiTJkPrKr5t53CooMSQt2orsSLY2M1Gjmuwt9c03vWNfiRsLsln3xLVWPMmNnmuf0%252F9KWVkoY9Qm0yJhTCFgh%252FxWEdTjByIr5NP8FuCUPN4p12PaleHL8s5bqG1L1cKg%252F2RrX36WT30Z%252FB7iJIBsdqXt2mr63RuOmdsCUDmgyip8v%252FhP%252FCWh%252BLtqcQGsCJY7c15zsJU4iLtr1rv05JWYK3%252B%252Bbsch5hjZnZ1MJGpKM92QQ1Wdvp2cmw4ab2nBlilfSoq2%252FlyMZIh43MKRVgYVBCZM2KeMAm3m4dl66Oo0z%252Bv%252FdZDT9pFRsCvn86OK9HS4FffPsMPkqzp2%252FyVbT31XJfGmFArV3GYI2ProeW2bBNBAc0hm92SYay8CNIPI7MbXNEpYktlqh%252Fxz4N09TSV1nHh0uQOKmlMmNhWBdx%252FtlmgJuVwaeQxGbO9lwK0Z9o9vVUBY%252FCV2EnWkWXMK2FOplu9kXBV9qY0Cc%252FsVuRvWkNmGJO05eJaRia%252FdBkbY2eqjRkYMbfOCgMUMKz6JbUijZdMHI8sxaNDqoJ3WdG4%252FpqeoVKXneiyN3CQZnDlQjGfM6axqDyBCaur3eBQR1rtYWjMqNEaqXJjg%252FkRopNFyCHZzRrnluPHZGjr60jJ4peq3jV7xP9wKlEN5cidrQmwQ%252FL4JLOFxSFhn3R6rZdPtV5NbhKhTYHVfN54gyG%252Bk9LjYCfiEPl%252Fv4O%252B0YW280fE8IoQGOCqa6VNJsV8mW21SSu%252BaEiujkdYv1zRo078h9q%252FCe0qhxMue7d8t5wxYTDm28sIS2Eld8gZ6Wi04%252BRh00GeeCIZmklyIt%252BDbwv%252Bo6iJVM7RcbHG%252B5K5%252FiZas0bhIiN5fp7M5SLYYAuITB1H%252FdU%252BOw5g%253D%253D%7Cclp%3A2334524%7Ctkp%3ABFBM6PzQlepf&LH_BIN=1,1600
https://www.ebay.com/itm/115128659693?_trkparms=ispr%3D1&hash=item1ace33eeed%3Ag%3AWsAAAOSwbAFhrYy1&amdata=enc%3AAQAGAAACoPYe5NmHp%252B2JMhMi7yxGiTJkPrKr5t53CooMSQt2orsSR84A%252FGMxXIqJzFmDq6lDLnPQPlWTaHikL0iHrN5Bn7w6juuZgdVtt%252BNtkEQvGz43e1QY%252F307OJFK2VNNBqCOpXWMo0qUqu9rRZpliWqUQIqVDdxe1GEyD6YX2Im60tY%252BYCpAt6%252Bj1u6F1iTpLMAUs7hw6%252B%252F8XG%252Bh4AT0dwQPyQk0xFFaQt8hjzyk0A9mlLVifHR22%252FgKJBWavxHH9i3L7m97cxjQsUEGJ92wvzh0V5X3PJEG7jNmZvOJb4TdtRCzx%252Fiea29ZODyuvHLzTZNROgOvmTDW%252BG8KHbR5OZwhGCJnev2oyGAHme6acRegAqfUtpISqqKyINf4NE%252BzuJmY4P8ubpq3VZkg%252B%252BXoy%252FiUYp1dFOyqDqLOHTn1hhIPJULZM7B9fg%252BMiclJOOuPt%252FE9pXmfb5HPQtKwGwsPHQVKmG1WIv1%252B0imj3V4NDzOWcK%252FKdGSDKLKbiiouQOzk5qB%252FY35C7JnOrdUkTdizJWDFwGeuGZMfKZVt15gZn%252BiqNbuNHColDY0zewYOC1xmiFZPd%252BWJLvnDfYX6V3cPjJW%252FiffXYKSrtuo%252BhCQ%252BzsrRCfofdPP9Di4JW3OxXrT03bVJf1IhP5celQtxMY85DXJlb1uHxhjpS4LnSpfocJe3b7mjZBV3LCPnCJF6XUX%252BNKPn4fV9nUWGOLqy2OirHh9a6eV8eL9%252FY2Xqz36gqw7TUa%252FKWhtYmU%252FLNLRjQRFAglqI%252BvfVEykDuVlH4Hw4nPfB68txWe4deKTtiKCM0%252FRXGUUenO5%252FVOzelo%252Bm7k6Al2pu%252FP%252B6tYt0tls%252FcQMXI3MpyHVCPGhQa6BuNnoimtO8aej0DMfr2bJ4u0vtqJv7LBNcBg%253D%253D%7Cclp%3A2334524%7Ctkp%3ABFBM6PzQlepf&LH_BIN=1,216
https://www.ebay.com/itm/194863302846?epid=16047875718&_trkparms=ispr%3D1&hash=item2d5ec208be%3Ag%3A1j8AAOSw7KBiFHBt&amdata=enc%3AAQAGAAACoPYe5NmHp%252B2JMhMi7yxGiTJkPrKr5t53CooMSQt2orsSd3M8ngECaRA0SmyU4KT%252FnhJOalEwtqZSONaC5nelC0%252BlN4gKJfc3aejCLCkjGWJ9bcrjqFCqOZurlRqt83nj4x%252BkJR%252BbnhVQI3WBkUET0itmwSWfPfOsGF878DzLCcCx6ZJri4YPkP5%252B0FZgAZIBQwM%252Bag2F4htatipnf17QKabm7sEvsC4dnV6PHxwA3%252Btj9IQNIneyD4vvGsz41YWu4SjQ56ddtmEnpo5jM4uGA9MlONSFt4LuWufzvxaH1cZgR%252FXIDsBVP7wAacK05yBFma0ZdViXZGgtPlkd0LrDUX6sPDcy5CxTmxWVn59Y1BfuXo%252BzzREJ5WKcmoovLm0Ub5J%252FNn8X%252BgM7VB1n2OcsgpLb8TSTZKwnTMRehYipDQ%252B9mKkr9KMSuoTQ%252BJh1pJ55G%252FgBPs9HgzPO0QRsZO9h1%252BNv0yxDn8oG%252FAngVIAzvBcdr5TXMA7ZTLpRsmSa7uNbcQULGT5KvfjQv7cgRySoGEtBN2rSnA%252BXrrSSYyANGQNYPIxh%252F9KLpcucd9WEKH5%252FAkfRGivFvfSsJT5IhxfuwXgg2MxTBiP3T9TqFZoOukcb7LmkbkRlq9TOMEBmvFOCLHj%252BK%252BYZDIaH%252BYEslO8QqXTQe%252FucB8HzpiOft%252BboqlAi8nGdTudU68P4bpWPFuuAEJ%252BwTDppTK1Vc76WO0tjLY4ZyczwBSfcXhyt3S8ounmJ%252BUtf6aSOeZUMAc9BUxkZkfNZkaoHDKpRweI%252FfbcUMvRSgcl3lSj8eWbZ4TXPvEVk4f11UPBUQdPAUVWi3b74iyx82OswDlUDI%252BpzYzzb2%252FXF2vGsiXuA%252Fv9TTB5X57W3mQkwf%252BvAc4R7xfB3MwlDUw%253D%253D%7Cclp%3A2334524%7Ctkp%3ABFBM6PzQlepf&LH_BIN=1,1680
https://www.ebay.com/itm/234435615272?epid=12047394910&hash=item3695739a28%3Ag%3Ap2IAAOSw3%7EBiFbfu&LH_BIN=1,1899
https://www.ebay.com/itm/275017140026?epid=4040934334&hash=item40084c873a%3Ag%3A%7E3IAAOSw2yhhhq%7Eu&LH_BIN=1,1595
https://www.ebay.com/itm/194876894969?hash=item2d5f916ef9%3Ag%3A%7EooAAOSwx5ZiGvuc&LH_BIN=1,1574
https://www.ebay.com/itm/284670032479?epid=4040934334&hash=item4247a7fa5f%3Ag%3AJUMAAOSwyx9iGRlF&LH_BIN=1,1400
https://www.ebay.com/itm/255310945298?epid=4040934334&hash=item3b71b7dc12%3Ag%3AZfkAAOSwVdph0k4P&LH_BIN=1,1669
https://www.ebay.com/itm/275162662043?hash=item4010f9049b%3Ag%3AJMEAAOSwxC5iBdBP&LH_BIN=1,1999
https://www.ebay.com/itm/353861551111?epid=24041879365&_trkparms=ispr%3D1&hash=item5263cac407%3Ag%3AAUYAAOSwtwph5Q-s&amdata=enc%3AAQAGAAACoPYe5NmHp%252B2JMhMi7yxGiTJkPrKr5t53CooMSQt2orsSd0ReTLyM7cxPnI6zs468ECjWRpdOqn6CBgZoUGgku5NC2WJdIWzx4%252BvoOf5wJH4Q1yuZLnvHmO%252B4SC2XnV6fky%252BpGZp8UFCZwCkboBMR%252BehP2bL2ANFbpRl0ES7xwiM%252BMpXiwGrW4oU%252B8l6Ll%252F0Flx4EA%252Bj1dtFpMWKhibeDBPnds5eWzcfgm76l1fW9iPHj7pir2L6%252FwExRsBzPCoxbUIpJGzTIAhV8VIPqo5ECFlsE5%252BkioNruzHm%252Bn%252FthHfR61ChkpktUI26A6HNJJG%252F5XqRdzFnQRi%252Fe57wvAEXzgQNTyBhCL8j1ujU%252FhZKeWKGUNiC9mZiOdEl0xcRsTla6sgCupdG0lxd%252FA8kdZWn4sYOB%252F542ulO6UkTNssSQVjz03K07xPD9VHLEVggOb5qr%252FIcSCHOxUWtDxKMPVCqMVKxUuk4xsBYxP%252FtWQVEIkKpdqhHtvEf2m8x8HlAgre4NJToDgi3KjjeaXO9y%252BlXYHvKaIJB43uMI1VHjghzA2MLqkIHec22gr71uwOg8RFdFwbmx1jClPdT3a8TIcAkxPELl2EZ9ynS6lsFdA8Po51H%252FIs6xC9bYlRGdsl36EiJkrOiY3Z97V%252BPrZfxYFwNK9j%252BfD7OuUP%252Fc3Fz3F2moJcKt3cwHlq5L0FXazNqq0fvSpgAh%252FiVd9WFyRPkL%252BPrgRzcggCcrow%252Fm4g5DUtauQs3D0Gwi68UVyHZLhWkbrufDW4P39JDelNKV0pMGnSkMoASDZbS5KptfPhINKIVEwjp1fS541YQ%252FlybvRiWrsAM6eSaS0S4Abb6vMaUerPv%252FoCUuwu%252BjccXBlld3xBr%252FMQN%252B3oqbmWounpV6ygyoWRJxdA%253D%253D%7Cclp%3A2334524%7Ctkp%3ABFBM6PzQlepf&LH_BIN=1,1840
https://www.ebay.com/itm/175118313931?epid=11040732539&_trkparms=ispr%3D1&hash=item28c5dd69cb%3Ag%3A1OEAAOSwrJ5h6EJU&amdata=enc%3AAQAGAAACoPYe5NmHp%252B2JMhMi7yxGiTJkPrKr5t53CooMSQt2orsSDAeS9EQtjPGVfKXTxF0%252BjqlPW%252BSdvIEeXlXNaOHqo2WDwEdVbJZ0x6TTvgW9NPAIUEkTKDTrhMJWCer%252Flhj0zmNgONdnHVATqTED%252BiWLLEiolHXWYu1JZWHK%252BDCq9GHri8VoYTEACyLrlys3KYPRmymnmPGhjRZyElmlRog5jDjnzX7xfTUFzvzv8EFvzId5%252B9%252BGRq9MKfLC1Pbcy0SisU3nlAgENuqjOGuC%252BDCGsfnkctSCHbQnC31UupUL7%252B82A0Jf4IK06t8JpQvwmrX6TRZ%252FWDqJiAtV96Q%252Fzb9FiU24cYWlLWvUezoTsjMn7Ia8U7MWqOYibRESlHS6eIUWVoABLGuOmTMKdGDX7A6Yh9ge%252BIGqzSYfx%252BwydW6sleavik4izkEoa0V7K4ppp43x5oavJKPxzKlZkjxVB6HTMPVzwGJ02Xs5VpyXxdrMUwVFhb1HL7vGjwyFlL5NJulmM%252BaHBX5WQFxvNiAJKbFrk%252BDFKEFlUV20MEN0SrXrKAlKk8fhFHl00iMdEpFahTo4UrORleEwcKv32WVG5QcL8IRFUo0smzNCmSDc6flHLNdRVXWbIAraY3%252FWTGWNR0m%252FkQe%252FL4uLUeblxh8jPf7a26hH7x7WUnzn4CX2qzssW9BeJWFreZ8JyPBuRSCp4KToCC3SVG8tVXrCYtLKmCldM4GQFB1YJ5L%252BhQiHLCYJR3Hdaq3%252FYKKlHvE9MvFbfmHFWCOZzbppEKTUO5XO1NNmE%252BkGVJsCy6sGCPndXRICGwf%252BNRe9Nd75V646kfWMs9ItHFL8oRZ6d2Mq6FeQR3Ten9fjV8EXU6pdFEOicNQOlGniNJgRbn79wirhjc6jLlJjsw%253D%253D%7Cclp%3A2334524%7Ctkp%3ABFBM6PzQlepf&LH_BIN=1,1556
https://www.ebay.com/itm/255405467043?hash=item3b775a25a3%3Ag%3AYeMAAOSwsQ1h3gJ5&LH_BIN=1,1599
https://www.ebay.com/itm/175172554856?epid=14047400255&hash=item28c9191068%3Ag%3AznIAAOSwV%7ERiG8FG&LH_BIN=1,2000
https://www.ebay.com/itm/175077018623?epid=10048623144&hash=item28c3674bff%3Ag%3AknAAAOSw5d5hw3uM&LH_BIN=1,2484
https://www.ebay.com/itm/134037322402?epid=6052110031&hash=item1f353f3aa2%3Ag%3ArXUAAOSwGwFiG33v&LH_BIN=1,1629
https://www.ebay.com/itm/154789466630?epid=16047875718&hash=item240a2bd206%3Ag%3A7kkAAOSwPA5h3MfT&LH_BIN=1,1699
https://www.ebay.com/itm/265567058268?hash=item3dd507b95c%3Ag%3AEQEAAOSwFYBiGSIr&LH_BIN=1,1500
https://www.ebay.com/itm/154878243281?epid=4040934334&hash=item240f7671d1%3Ag%3ASdoAAOSwv8FiH0hp&LH_BIN=1,1654
https://www.ebay.com/itm/175170470023?epid=19047888969&hash=item28c8f94087%3Ag%3Ac84AAOSwg2piFHOT&LH_BIN=1,1350
https://www.ebay.com/itm/134028599931?epid=28052041621&hash=item1f34ba227b%3Ag%3A2asAAOSw98tiF8td&LH_BIN=1,1679
https://www.ebay.com/itm/175176306689?hash=item28c9525001%3Ag%3ASKEAAOSwJwhiGSbL&LH_BIN=1,1599
https://www.ebay.com/itm/203708394950?epid=16047875718&hash=item2f6df76dc6%3Ag%3AchQAAOSw6ehhmc9E&LH_BIN=1,1599
https://www.ebay.com/itm/325079305035?epid=16047875718&hash=item4bb03c8b4b%3Ag%3AtZYAAOSwXWhiHtwh&LH_BIN=1,2050
https://www.ebay.com/itm/125145734663?epid=8049604187&hash=item1d23445e07%3Ag%3A-goAAOSwvjNiB%7Eab&LH_BIN=1,1298
https://www.ebay.com/itm/384751163993?hash=item5994f4da59%3Ag%3AHTUAAOSwyE5iFum0&LH_BIN=1,1799
https://www.ebay.com/itm/125081738983?epid=4040934334&hash=item1d1f73dee7%3Ag%3AIuoAAOSwh25h0q0V&LH_BIN=1,1950
https://www.ebay.com/itm/144429051449?epid=28049305346&hash=item21a0a46e39%3Ag%3AYa8AAOSw0nhiFkbb&LH_BIN=1,1700
https://www.ebay.com/itm/313880435261?epid=18050635688&hash=item4914bb5a3d%3Ag%3AnY4AAOSwzbFiETKa&LH_BIN=1,1467
https://www.ebay.com/itm/275176168978?epid=18050635688&hash=item4011c71e12%3Ag%3ACN0AAOSwn7piDU3%7E&LH_BIN=1,1414
https://www.ebay.com/itm/203541426228?epid=20047877186&hash=item2f6403b034%3Ag%3A5Z0AAOSwsKtgdkds&LH_BIN=1,1599
https://www.ebay.com/itm/194834227581?epid=16047875718&hash=item2d5d06617d%3Ag%3AbqIAAOSwJEhiCx9P&LH_BIN=1,1700
https://www.ebay.com/itm/384752372541?epid=4040934334&hash=item5995074b3d%3Ag%3AIIAAAOSwilxiF-Jx&LH_BIN=1,1450
https://www.ebay.com/itm/284662159866?epid=16047875718&hash=item42472fd9fa%3Ag%3A1ogAAOSweJ9iIBWa&LH_BIN=1,1850
https://www.ebay.com/itm/175137191248?epid=17041884432&hash=item28c6fd7550%3Ag%3ARHkAAOSwHWRh-Eq6&LH_BIN=1,1549
https://www.ebay.com/itm/255396429930?epid=4049230960&hash=item3b76d0406a%3Ag%3AKewAAOSwaYtiEnjh&LH_BIN=1,1400
https://www.ebay.com/itm/353923112670?epid=0&hash=item5267761ede%3Ag%3AlhkAAOSwgathpY4o&LH_BIN=1,1599
https://www.ebay.com/itm/255378870736?epid=12047394910&hash=item3b75c451d0%3Ag%3A%7ELMAAOSwHRhiBGM-&LH_BIN=1,1690
https://www.ebay.com/itm/175129230095?_trkparms=ispr%3D1&hash=item28c683fb0f%3Ag%3ApVAAAOSwKMJh6Ly1&amdata=enc%3AAQAGAAACoPYe5NmHp%252B2JMhMi7yxGiTJkPrKr5t53CooMSQt2orsSDAeS9EQtjPGVfKXTxF0%252BjqOZQsmLddvRWhutyRbdW%252Ba%252BzpK4wfmqaB5Z8P8L7DSO2kRWeJs6%252Fnmikx5PhVyy0NDSCN0Qs2%252BIWYlEqGDPuj7qY9HlToQPi5xRT8M%252F%252F%252BdhmKYmXSvxWQN6tqQXI7BEw06F5nbcmW9CfVBQSRpv6eEwzv0SRw88%252BD5qcYxOmuw82qmYoXZ2raLI4RSVxfCSgSeReJ6GYOgvYMYh5tTEUn731lThkCd1Wm2F%252FXCugBjFk4sK%252B5Are39U9U9TjoUd9UIso1D0Q9mTAtkm92OyJVbCnEG3KGng3i2eZsLOgW2OcCQarbJmoSt3t%252Btx5LVUtoWmr%252Fbc%252Fbq16k4GAI3f4sbu7n6SJNhF%252BZs1k9eNKsa7vBuixfAio%252BlecUss7HgJg6Fmr3g2IaHkkR%252FM1VtQ0817YzI0oN1rWvWfr1iXSjGEIV0j7ouU8ZhpOktFKpo%252Brr9fuV5IVfRv4Lni5ZGSugai1cJ3XkLg%252Fy89BFT6zI5ZVz%252FXHc4PPgaETExiwUAb8IsHt2TYKj6sr%252B6dC84qRdYrm65olmz5vGvgqPX%252FkkLe05WEEDsecaDKVzzvRMY6H5M%252FkxttwrimcAiPkJABB%252FoAEIQWHyeDfwBKRuH%252FbKLeV8oHA%252B02GP37reObXdcn0M%252Bggh9Ww%252FLepxr%252FV5uvgyvJ%252Fm1vqckjoLIeFAST%252BdRcPMoyQOTD%252FBIZ0ayGmJyw0%252B0pe6B3AcpmoRkM2bi4049K8l1QNGt0TsKcuQpe5DscEcX%252Bhc%252FVN8R5Ot90L0mwVpS47zQ0MDHDZ31G2aSloWRO08PXpvyMVW5vBkwEUCIL8G%252F1LL59pmYp0bgUSra3Jw%253D%253D%7Cclp%3A2334524%7Ctkp%3ABFBM6PzQlepf&LH_BIN=1,1980
https://www.ebay.com/itm/154842518978?epid=23047887148&_trkparms=ispr%3D1&hash=item240d5555c2%3Ag%3Ap0sAAOSw0Nhh1OwO&amdata=enc%3AAQAGAAACoPYe5NmHp%252B2JMhMi7yxGiTJkPrKr5t53CooMSQt2orsStEKTPzZMfQmny3knR97t0CLm9pWFpFbMaHbIgOdxRGzNgaCQHvedKQDD%252FSUihgk2gVUV8OnWo8ajRAQHRcZe3mPTF4ZdJMPbm8ApYdxJbBICg0RMGHc2vFakcb%252BYgcJ3MNvW2TaXfY%252Fa7tXDV0MJ7LWhEexLYeUlTHPoqp2%252BpELqBBLajXHbFjpJCfWivDD5XS28yWbJiKi0S51E7N5ADQa%252FswnGsZzEDUDUemq5iFX1gUt8Xxwt%252BwOn9nyInqKRCMndJ9rFpvyuDjHj50O8zhTsH9gaYX6tIlr1bu8DG%252F0HZsKAd6gCgd1zN6isfSsziNo1q%252BKK1ZOY4vvLjKBMO79rb2p2uPdC0XLhXPdRyXEVRkWmZ0066VUShDm5SjDeroB1ya3Erb9ht94ReW41TBCeDFISXL8HER3P1SQcH0Q0cQ%252FJ1MKV8oQ0CT6IkOwPz8KdOZ2IyFAK1cNUxcBkRdikDKXju0HSqFbBc%252BHexjcYaKyJpL0Yg6eweH1Lxxh0P8nvwDYallagbmP%252FpKu0HQdC434QekxVC5fm4P4dYLNVZhzND4GjOPUtphDsmJvvmNAon8lE0CuQs1pwxMQn0JddKQ7H%252BBMvB0bii4bqgDVXQ89VAJapGF4OVw%252FTn0bs8xnBlkItzaFH2DCzzzIah6yVaB7HFdz8tP%252FJgfCAf0UCJkITSYTLnx9FRnA4gGFptWgnXtP9DB%252FrbVsxLkvAdwyidaPAHyJVgrnFSoykMAMR2CiDOZs0kgKMQUohIY0jDL1M%252FUSGzdAcy%252BjF4EWDx3reVVRueJaN101bm2YEPBOTpSUNQgtA%252FdGlGGGHDl9ba4yTe9FkfIQiM4qInp8QNw%253D%253D%7Cclp%3A2334524%7Ctkp%3ABFBM6vzQlepf&LH_BIN=1,1989
https://www.ebay.com/itm/154842518978?epid=23047887148&_trkparms=ispr%3D1&hash=item240d5555c2%3Ag%3Ap0sAAOSw0Nhh1OwO&amdata=enc%3AAQAGAAACoPYe5NmHp%252B2JMhMi7yxGiTJkPrKr5t53CooMSQt2orsStEKTPzZMfQmny3knR97t0CLm9pWFpFbMaHbIgOdxRGzNgaCQHvedKQDD%252FSUihgk2gVUV8OnWo8ajRAQHRcZe3mPTF4ZdJMPbm8ApYdxJbBICg0RMGHc2vFakcb%252BYgcJ3MNvW2TaXfY%252Fa7tXDV0MJ7LWhEexLYeUlTHPoqp2%252BpELqBBLajXHbFjpJCfWivDD5XS28yWbJiKi0S51E7N5ADQa%252FswnGsZzEDUDUemq5iFX1gUt8Xxwt%252BwOn9nyInqKRCMndJ9rFpvyuDjHj50O8zhTsH9gaYX6tIlr1bu8DG%252F0HZsKAd6gCgd1zN6isfSsziNo1q%252BKK1ZOY4vvLjKBMO79rb2p2uPdC0XLhXPdRyXEVRkWmZ0066VUShDm5SjDeroB1ya3Erb9ht94ReW41TBCeDFISXL8HER3P1SQcH0Q0cQ%252FJ1MKV8oQ0CT6IkOwPz8KdOZ2IyFAK1cNUxcBkRdikDKXju0HSqFbBc%252BHexjcYaKyJpL0Yg6eweH1Lxxh0P8nvwDYallagbmP%252FpKu0HQdC434QekxVC5fm4P4dYLNVZhzND4GjOPUtphDsmJvvmNAon8lE0CuQs1pwxMQn0JddKQ7H%252BBMvB0bii4bqgDVXQ89VAJapGF4OVw%252FTn0bs8xnBlkItzaFH2DCzzzIah6yVaB7HFdz8tP%252FJgfCAf0UCJkITSYTLnx9FRnA4gGFptWgnXtP9DB%252FrbVsxLkvAdwyidaPAHyJVgrnFSoykMAMR2CiDOZs0kgKMQUohIY0jDL1M%252FUSGzdAcy%252BjF4EWDx3reVVRueJaN101bm2YEPBOTpSUNQgtA%252FdGlGGGHDl9ba4yTe9FkfIQiM4qInp8QNw%253D%253D%7Cclp%3A2334524%7Ctkp%3ABFBM6vzQlepf&LH_BIN=1
